timestamp,src_ip,qname,qtype
1762719544.886442,10.0.0.2,ntp.ubuntu.com,28
1762719544.886484,10.0.0.2,ntp.ubuntu.com,28
1762719544.886832,10.0.0.2,ntp.ubuntu.com,1
1762719544.886867,10.0.0.2,ntp.ubuntu.com,1
1762719544.887241,10.0.0.1,ntp.ubuntu.com,28
1762719544.887273,10.0.0.1,ntp.ubuntu.com,28
1762719544.897725,10.0.0.1,ntp.ubuntu.com,1
1762719544.897785,10.0.0.1,ntp.ubuntu.com,1
1762719544.899895,10.0.0.2,ntp.ubuntu.com,1
1762719544.899943,10.0.0.2,ntp.ubuntu.com,1
1762719544.900523,10.0.0.2,ntp.ubuntu.com,28
1762719544.900564,10.0.0.2,ntp.ubuntu.com,28
1762719544.900881,10.0.0.1,ntp.ubuntu.com,1
1762719544.900910,10.0.0.1,ntp.ubuntu.com,1
1762719544.901103,10.0.0.1,ntp.ubuntu.com,28
1762719544.901139,10.0.0.1,ntp.ubuntu.com,28
1762719544.910892,10.0.0.2,ntp.ubuntu.com,28
1762719544.910943,10.0.0.2,ntp.ubuntu.com,28
1762719544.911110,10.0.0.2,ntp.ubuntu.com,1
1762719544.911128,10.0.0.2,ntp.ubuntu.com,1
1762719544.911691,10.0.0.1,ntp.ubuntu.com,28
1762719544.911721,10.0.0.1,ntp.ubuntu.com,28
1762719549.909759,10.0.0.2,ntp.ubuntu.com,28
1762719549.909826,10.0.0.2,ntp.ubuntu.com,28
1762719549.910790,10.0.0.1,ntp.ubuntu.com,28
1762719549.910819,10.0.0.1,ntp.ubuntu.com,28
1762719550.019971,10.0.0.2,ntp.ubuntu.com,1
1762719550.020022,10.0.0.2,ntp.ubuntu.com,1
1762719550.020855,10.0.0.1,ntp.ubuntu.com,1
1762719550.020890,10.0.0.1,ntp.ubuntu.com,1
1762719550.025515,10.0.0.2,ntp.ubuntu.com,1
1762719550.025595,10.0.0.2,ntp.ubuntu.com,1
1762719550.026276,10.0.0.2,ntp.ubuntu.com,28
1762719550.026278,10.0.0.1,ntp.ubuntu.com,1
1762719550.026330,10.0.0.2,ntp.ubuntu.com,28
1762719550.026382,10.0.0.1,ntp.ubuntu.com,1
1762719550.027042,10.0.0.1,ntp.ubuntu.com,28
1762719550.027076,10.0.0.1,ntp.ubuntu.com,28
1762719550.037784,10.0.0.2,ntp.ubuntu.com,28
1762719550.037826,10.0.0.2,ntp.ubuntu.com,28
1762719550.038872,10.0.0.1,ntp.ubuntu.com,28
1762719550.038913,10.0.0.1,ntp.ubuntu.com,28
1762719550.040441,10.0.0.2,ntp.ubuntu.com,1
1762719550.040536,10.0.0.2,ntp.ubuntu.com,1
1762719555.036128,10.0.0.2,ntp.ubuntu.com,28
1762719555.036272,10.0.0.2,ntp.ubuntu.com,28
1762719555.037350,10.0.0.1,ntp.ubuntu.com,28
1762719555.037401,10.0.0.1,ntp.ubuntu.com,28
1762719555.278919,10.0.0.2,ntp.ubuntu.com,1
1762719555.278971,10.0.0.2,ntp.ubuntu.com,1
1762719555.280368,10.0.0.1,ntp.ubuntu.com,1
1762719555.280403,10.0.0.1,ntp.ubuntu.com,1
1762719555.285395,10.0.0.2,ntp.ubuntu.com,1
1762719555.285567,10.0.0.2,ntp.ubuntu.com,1
1762719555.286440,10.0.0.2,ntp.ubuntu.com,28
1762719555.286442,10.0.0.1,ntp.ubuntu.com,1
1762719555.286512,10.0.0.2,ntp.ubuntu.com,28
1762719555.286713,10.0.0.1,ntp.ubuntu.com,1
1762719555.287224,10.0.0.1,ntp.ubuntu.com,28
1762719555.287254,10.0.0.1,ntp.ubuntu.com,28
1762719555.306223,10.0.0.2,ntp.ubuntu.com,1
1762719555.306271,10.0.0.2,ntp.ubuntu.com,1
1762719555.306758,10.0.0.2,ntp.ubuntu.com,28
1762719555.306800,10.0.0.2,ntp.ubuntu.com,28
1762719555.307229,10.0.0.1,ntp.ubuntu.com,1
1762719555.307256,10.0.0.1,ntp.ubuntu.com,1
1762719560.304163,10.0.0.2,ntp.ubuntu.com,1
1762719560.304258,10.0.0.2,ntp.ubuntu.com,1
1762719560.305938,10.0.0.1,ntp.ubuntu.com,1
1762719560.306211,10.0.0.1,ntp.ubuntu.com,1
1762719560.324033,10.0.0.2,ntp.ubuntu.com,28
1762719560.324095,10.0.0.2,ntp.ubuntu.com,28
1762719560.325346,10.0.0.1,ntp.ubuntu.com,28
1762719560.325390,10.0.0.1,ntp.ubuntu.com,28
1762719560.331402,10.0.0.2,ntp.ubuntu.com,1
1762719560.331483,10.0.0.2,ntp.ubuntu.com,1
1762719560.332437,10.0.0.1,ntp.ubuntu.com,1
1762719560.332481,10.0.0.1,ntp.ubuntu.com,1
1762719560.334876,10.0.0.2,ntp.ubuntu.com,28
1762719560.334937,10.0.0.2,ntp.ubuntu.com,28
1762719560.335918,10.0.0.1,ntp.ubuntu.com,28
1762719560.335956,10.0.0.1,ntp.ubuntu.com,28
1762719560.347014,10.0.0.2,ntp.ubuntu.com,28
1762719560.347067,10.0.0.2,ntp.ubuntu.com,28
1762719560.347347,10.0.0.2,ntp.ubuntu.com,1
1762719560.347393,10.0.0.2,ntp.ubuntu.com,1
1762719560.347645,10.0.0.1,ntp.ubuntu.com,28
1762719560.347681,10.0.0.1,ntp.ubuntu.com,28
1762719563.648618,10.0.0.2,connectivity-check.ubuntu.com,28
1762719563.648649,10.0.0.2,connectivity-check.ubuntu.com,28
1762719563.648995,10.0.0.2,connectivity-check.ubuntu.com,1
1762719563.648995,10.0.0.1,connectivity-check.ubuntu.com,28
1762719563.649016,10.0.0.2,connectivity-check.ubuntu.com,1
1762719563.649032,10.0.0.1,connectivity-check.ubuntu.com,28
1762719563.649316,10.0.0.1,connectivity-check.ubuntu.com,1
1762719563.649327,10.0.0.1,connectivity-check.ubuntu.com,1
1762719563.653340,10.0.0.2,connectivity-check.ubuntu.com,28
1762719563.653352,10.0.0.2,connectivity-check.ubuntu.com,28
1762719563.653450,10.0.0.2,connectivity-check.ubuntu.com,1
1762719563.653461,10.0.0.2,connectivity-check.ubuntu.com,1
1762719563.653566,10.0.0.1,connectivity-check.ubuntu.com,28
1762719563.653575,10.0.0.1,connectivity-check.ubuntu.com,28
1762719565.345617,10.0.0.2,ntp.ubuntu.com,28
1762719565.345667,10.0.0.2,ntp.ubuntu.com,28
1762719565.346350,10.0.0.1,ntp.ubuntu.com,28
1762719565.346372,10.0.0.1,ntp.ubuntu.com,28
1762719565.518662,10.0.0.2,ntp.ubuntu.com,1
1762719565.518680,10.0.0.2,ntp.ubuntu.com,1
1762719565.519103,10.0.0.1,ntp.ubuntu.com,1
1762719565.519113,10.0.0.1,ntp.ubuntu.com,1
1762719565.519971,10.0.0.2,ntp.ubuntu.com,1
1762719565.519986,10.0.0.2,ntp.ubuntu.com,1
1762719565.520096,10.0.0.2,ntp.ubuntu.com,28
1762719565.520111,10.0.0.2,ntp.ubuntu.com,28
1762719568.657630,10.0.0.2,connectivity-check.ubuntu.com,1
1762719568.657660,10.0.0.2,connectivity-check.ubuntu.com,1
1762719568.657841,10.0.0.2,connectivity-check.ubuntu.com,28
1762719568.657861,10.0.0.2,connectivity-check.ubuntu.com,28
1762719568.658015,10.0.0.1,connectivity-check.ubuntu.com,1
1762719568.658026,10.0.0.1,connectivity-check.ubuntu.com,1
1762719568.658165,10.0.0.1,connectivity-check.ubuntu.com,28
1762719568.658177,10.0.0.1,connectivity-check.ubuntu.com,28
1762719570.530311,10.0.0.2,ntp.ubuntu.com,1
1762719570.530328,10.0.0.2,ntp.ubuntu.com,1
1762719570.530418,10.0.0.2,ntp.ubuntu.com,28
1762719570.530430,10.0.0.2,ntp.ubuntu.com,28
1762719570.530602,10.0.0.1,ntp.ubuntu.com,1
1762719570.530612,10.0.0.1,ntp.ubuntu.com,1
1762719570.530726,10.0.0.1,ntp.ubuntu.com,28
1762719570.530735,10.0.0.1,ntp.ubuntu.com,28
1762719570.531314,10.0.0.2,ntp.ubuntu.com,1
1762719570.531334,10.0.0.2,ntp.ubuntu.com,1
1762719570.531420,10.0.0.2,ntp.ubuntu.com,28
1762719570.531432,10.0.0.2,ntp.ubuntu.com,28
1762719570.531622,10.0.0.1,ntp.ubuntu.com,1
1762719570.531633,10.0.0.1,ntp.ubuntu.com,1
1762719575.545392,10.0.0.2,ntp.ubuntu.com,28
1762719575.545428,10.0.0.2,ntp.ubuntu.com,28
1762719575.545653,10.0.0.2,ntp.ubuntu.com,1
1762719575.545677,10.0.0.2,ntp.ubuntu.com,1
1762719575.546201,10.0.0.1,ntp.ubuntu.com,28
1762719575.546202,10.0.0.1,ntp.ubuntu.com,1
1762719575.546231,10.0.0.1,ntp.ubuntu.com,28
1762719575.546259,10.0.0.1,ntp.ubuntu.com,1
1762719575.548275,10.0.0.2,ntp.ubuntu.com,1
1762719575.548307,10.0.0.2,ntp.ubuntu.com,1
1762719575.548793,10.0.0.2,ntp.ubuntu.com,28
1762719575.548821,10.0.0.2,ntp.ubuntu.com,28
1762719575.549002,10.0.0.1,ntp.ubuntu.com,1
1762719575.549024,10.0.0.1,ntp.ubuntu.com,1
1762719575.549242,10.0.0.1,ntp.ubuntu.com,28
1762719575.549261,10.0.0.1,ntp.ubuntu.com,28
1762719575.556946,10.0.0.2,ntp.ubuntu.com,28
1762719575.556978,10.0.0.2,ntp.ubuntu.com,28
1762719575.557284,10.0.0.2,ntp.ubuntu.com,1
1762719575.557315,10.0.0.2,ntp.ubuntu.com,1
1762719575.557500,10.0.0.1,ntp.ubuntu.com,28
1762719575.557520,10.0.0.1,ntp.ubuntu.com,28
1762719580.558079,10.0.0.2,ntp.ubuntu.com,28
1762719580.558109,10.0.0.2,ntp.ubuntu.com,28
1762719580.558626,10.0.0.1,ntp.ubuntu.com,28
1762719580.558637,10.0.0.1,ntp.ubuntu.com,28
1762719580.561592,10.0.0.2,ntp.ubuntu.com,1
1762719580.561609,10.0.0.2,ntp.ubuntu.com,1
1762719580.561964,10.0.0.1,ntp.ubuntu.com,1
1762719580.561975,10.0.0.1,ntp.ubuntu.com,1
1762719580.562932,10.0.0.2,ntp.ubuntu.com,1
1762719580.562948,10.0.0.2,ntp.ubuntu.com,1
1762719580.563033,10.0.0.2,ntp.ubuntu.com,28
1762719580.563044,10.0.0.2,ntp.ubuntu.com,28
1762719580.563303,10.0.0.1,ntp.ubuntu.com,1
1762719580.563304,10.0.0.1,ntp.ubuntu.com,28
1762719580.563315,10.0.0.1,ntp.ubuntu.com,1
1762719580.563329,10.0.0.1,ntp.ubuntu.com,28
1762719580.566744,10.0.0.2,ntp.ubuntu.com,28
1762719580.566758,10.0.0.2,ntp.ubuntu.com,28
1762719580.566836,10.0.0.2,ntp.ubuntu.com,1
1762719580.566849,10.0.0.2,ntp.ubuntu.com,1
1762719580.567038,10.0.0.1,ntp.ubuntu.com,28
1762719580.567051,10.0.0.1,ntp.ubuntu.com,28
1762719585.571315,10.0.0.2,ntp.ubuntu.com,1
1762719585.571347,10.0.0.2,ntp.ubuntu.com,1
1762719585.571628,10.0.0.2,ntp.ubuntu.com,28
1762719585.571660,10.0.0.2,ntp.ubuntu.com,28
1762719585.571984,10.0.0.1,ntp.ubuntu.com,1
1762719585.572002,10.0.0.1,ntp.ubuntu.com,1
1762719585.572137,10.0.0.1,ntp.ubuntu.com,28
1762719585.572150,10.0.0.1,ntp.ubuntu.com,28
1762719585.578393,10.0.0.2,ntp.ubuntu.com,28
1762719585.578427,10.0.0.2,ntp.ubuntu.com,28
1762719585.578650,10.0.0.2,ntp.ubuntu.com,1
1762719585.578671,10.0.0.2,ntp.ubuntu.com,1
1762719585.578830,10.0.0.1,ntp.ubuntu.com,28
1762719585.578844,10.0.0.1,ntp.ubuntu.com,28
1762719585.579237,10.0.0.1,ntp.ubuntu.com,1
1762719585.579255,10.0.0.1,ntp.ubuntu.com,1
1762719585.583088,10.0.0.2,ntp.ubuntu.com,1
1762719585.583089,10.0.0.2,ntp.ubuntu.com,28
1762719585.583128,10.0.0.2,ntp.ubuntu.com,1
1762719585.583155,10.0.0.2,ntp.ubuntu.com,28
1762719585.583761,10.0.0.1,ntp.ubuntu.com,1
1762719585.583779,10.0.0.1,ntp.ubuntu.com,1
1762719590.592202,10.0.0.2,ntp.ubuntu.com,28
1762719590.592202,10.0.0.2,ntp.ubuntu.com,1
1762719590.592218,10.0.0.2,ntp.ubuntu.com,28
1762719590.592233,10.0.0.2,ntp.ubuntu.com,1
1762719590.592555,10.0.0.1,ntp.ubuntu.com,28
1762719590.592555,10.0.0.1,ntp.ubuntu.com,1
1762719590.592572,10.0.0.1,ntp.ubuntu.com,28
1762719590.592589,10.0.0.1,ntp.ubuntu.com,1
1762719590.593324,10.0.0.2,ntp.ubuntu.com,1
1762719590.593341,10.0.0.2,ntp.ubuntu.com,1
1762719590.593438,10.0.0.2,ntp.ubuntu.com,28
1762719590.593450,10.0.0.2,ntp.ubuntu.com,28
1762719590.600582,10.0.0.1,ntp.ubuntu.com,1
1762719590.600582,10.0.0.1,ntp.ubuntu.com,28
1762719590.600598,10.0.0.1,ntp.ubuntu.com,1
1762719590.600615,10.0.0.1,ntp.ubuntu.com,28
1762719590.604172,10.0.0.2,ntp.ubuntu.com,28
1762719590.604186,10.0.0.2,ntp.ubuntu.com,28
1762719590.604265,10.0.0.2,ntp.ubuntu.com,1
1762719590.604276,10.0.0.2,ntp.ubuntu.com,1
1762719590.604415,10.0.0.1,ntp.ubuntu.com,28
1762719590.604427,10.0.0.1,ntp.ubuntu.com,28
1762719595.612014,10.0.0.2,ntp.ubuntu.com,1
1762719595.612016,10.0.0.2,ntp.ubuntu.com,28
1762719595.612079,10.0.0.2,ntp.ubuntu.com,1
1762719595.612135,10.0.0.2,ntp.ubuntu.com,28
1762719595.613146,10.0.0.1,ntp.ubuntu.com,1
1762719595.613147,10.0.0.1,ntp.ubuntu.com,28
1762719595.613180,10.0.0.1,ntp.ubuntu.com,1
1762719595.613218,10.0.0.1,ntp.ubuntu.com,28
1762719595.624994,10.0.0.2,ntp.ubuntu.com,28
1762719595.625045,10.0.0.2,ntp.ubuntu.com,28
1762719595.625391,10.0.0.2,ntp.ubuntu.com,1
1762719595.625440,10.0.0.2,ntp.ubuntu.com,1
1762719595.625962,10.0.0.1,ntp.ubuntu.com,28
1762719595.625997,10.0.0.1,ntp.ubuntu.com,28
1762719595.626344,10.0.0.1,ntp.ubuntu.com,1
1762719595.626368,10.0.0.1,ntp.ubuntu.com,1
1762719595.630405,10.0.0.2,ntp.ubuntu.com,1
1762719595.630475,10.0.0.2,ntp.ubuntu.com,1
1762719595.631403,10.0.0.1,ntp.ubuntu.com,1
1762719595.631487,10.0.0.1,ntp.ubuntu.com,1
1762719595.631944,10.0.0.2,ntp.ubuntu.com,28
1762719595.631989,10.0.0.2,ntp.ubuntu.com,28
1762719600.638189,10.0.0.2,ntp.ubuntu.com,28
1762719600.638208,10.0.0.2,ntp.ubuntu.com,28
1762719600.638360,10.0.0.2,ntp.ubuntu.com,1
1762719600.638376,10.0.0.2,ntp.ubuntu.com,1
1762719600.638574,10.0.0.1,ntp.ubuntu.com,28
1762719600.638588,10.0.0.1,ntp.ubuntu.com,28
1762719600.638689,10.0.0.1,ntp.ubuntu.com,1
1762719600.638702,10.0.0.1,ntp.ubuntu.com,1
1762719600.640148,10.0.0.2,ntp.ubuntu.com,1
1762719600.640168,10.0.0.2,ntp.ubuntu.com,1
1762719600.640234,10.0.0.2,ntp.ubuntu.com,28
1762719600.640243,10.0.0.2,ntp.ubuntu.com,28
1762719600.640581,10.0.0.1,ntp.ubuntu.com,1
1762719600.640581,10.0.0.1,ntp.ubuntu.com,28
1762719600.640595,10.0.0.1,ntp.ubuntu.com,1
1762719600.640610,10.0.0.1,ntp.ubuntu.com,28
1762719600.643522,10.0.0.2,ntp.ubuntu.com,28
1762719600.643538,10.0.0.2,ntp.ubuntu.com,28
1762719600.643621,10.0.0.2,ntp.ubuntu.com,1
1762719600.643634,10.0.0.2,ntp.ubuntu.com,1
1762719600.643750,10.0.0.1,ntp.ubuntu.com,28
1762719600.643760,10.0.0.1,ntp.ubuntu.com,28
1762719605.648170,10.0.0.2,ntp.ubuntu.com,1
1762719605.648196,10.0.0.2,ntp.ubuntu.com,1
1762719605.648403,10.0.0.2,ntp.ubuntu.com,28
1762719605.648425,10.0.0.2,ntp.ubuntu.com,28
1762719605.648744,10.0.0.1,ntp.ubuntu.com,1
1762719605.648745,10.0.0.1,ntp.ubuntu.com,28
1762719605.648763,10.0.0.1,ntp.ubuntu.com,1
1762719605.648781,10.0.0.1,ntp.ubuntu.com,28
1762719605.653653,10.0.0.2,ntp.ubuntu.com,28
1762719605.653653,10.0.0.2,ntp.ubuntu.com,1
1762719605.653673,10.0.0.2,ntp.ubuntu.com,28
1762719605.653687,10.0.0.2,ntp.ubuntu.com,1
1762719605.654047,10.0.0.1,ntp.ubuntu.com,28
1762719605.654047,10.0.0.1,ntp.ubuntu.com,1
1762719605.654059,10.0.0.1,ntp.ubuntu.com,28
1762719605.654072,10.0.0.1,ntp.ubuntu.com,1
1762719605.655016,10.0.0.2,ntp.ubuntu.com,1
1762719605.655032,10.0.0.2,ntp.ubuntu.com,1
1762719605.655136,10.0.0.2,ntp.ubuntu.com,28
1762719605.655149,10.0.0.2,ntp.ubuntu.com,28
1762719605.655393,10.0.0.1,ntp.ubuntu.com,1
1762719605.655405,10.0.0.1,ntp.ubuntu.com,1
1762719610.665017,10.0.0.2,ntp.ubuntu.com,28
1762719610.665034,10.0.0.2,ntp.ubuntu.com,28
1762719610.665182,10.0.0.2,ntp.ubuntu.com,1
1762719610.665194,10.0.0.2,ntp.ubuntu.com,1
1762719610.665325,10.0.0.1,ntp.ubuntu.com,28
1762719610.665335,10.0.0.1,ntp.ubuntu.com,28
1762719610.665405,10.0.0.1,ntp.ubuntu.com,1
1762719610.665412,10.0.0.1,ntp.ubuntu.com,1
1762719610.666363,10.0.0.2,ntp.ubuntu.com,1
1762719610.666378,10.0.0.2,ntp.ubuntu.com,1
1762719610.666499,10.0.0.2,ntp.ubuntu.com,28
1762719610.666512,10.0.0.2,ntp.ubuntu.com,28
1762719610.666645,10.0.0.1,ntp.ubuntu.com,1
1762719610.666656,10.0.0.1,ntp.ubuntu.com,1
1762719610.666741,10.0.0.1,ntp.ubuntu.com,28
1762719610.666751,10.0.0.1,ntp.ubuntu.com,28
1762719610.670120,10.0.0.2,ntp.ubuntu.com,28
1762719610.670139,10.0.0.2,ntp.ubuntu.com,28
1762719610.670241,10.0.0.2,ntp.ubuntu.com,1
1762719610.670256,10.0.0.2,ntp.ubuntu.com,1
1762719610.670494,10.0.0.1,ntp.ubuntu.com,28
1762719610.670506,10.0.0.1,ntp.ubuntu.com,28
1762719615.675979,10.0.0.2,ntp.ubuntu.com,1
1762719615.676005,10.0.0.2,ntp.ubuntu.com,1
1762719615.676197,10.0.0.2,ntp.ubuntu.com,28
1762719615.676218,10.0.0.2,ntp.ubuntu.com,28
1762719615.676392,10.0.0.1,ntp.ubuntu.com,1
1762719615.676404,10.0.0.1,ntp.ubuntu.com,1
1762719615.676498,10.0.0.1,ntp.ubuntu.com,28
1762719615.676508,10.0.0.1,ntp.ubuntu.com,28
1762719615.679464,10.0.0.2,ntp.ubuntu.com,28
1762719615.679480,10.0.0.2,ntp.ubuntu.com,28
1762719615.679603,10.0.0.2,ntp.ubuntu.com,1
1762719615.679617,10.0.0.2,ntp.ubuntu.com,1
1762719615.679710,10.0.0.1,ntp.ubuntu.com,28
1762719615.679721,10.0.0.1,ntp.ubuntu.com,28
1762719615.679811,10.0.0.1,ntp.ubuntu.com,1
1762719615.679819,10.0.0.1,ntp.ubuntu.com,1
1762719615.680515,10.0.0.2,ntp.ubuntu.com,1
1762719615.680533,10.0.0.2,ntp.ubuntu.com,1
1762719615.680675,10.0.0.2,ntp.ubuntu.com,28
1762719615.680689,10.0.0.2,ntp.ubuntu.com,28
1762719615.680784,10.0.0.1,ntp.ubuntu.com,1
1762719615.680794,10.0.0.1,ntp.ubuntu.com,1
1762719620.692173,10.0.0.2,ntp.ubuntu.com,28
1762719620.692193,10.0.0.2,ntp.ubuntu.com,28
1762719620.692256,10.0.0.2,ntp.ubuntu.com,1
1762719620.692268,10.0.0.2,ntp.ubuntu.com,1
1762719620.692619,10.0.0.1,ntp.ubuntu.com,28
1762719620.692620,10.0.0.1,ntp.ubuntu.com,1
1762719620.692634,10.0.0.1,ntp.ubuntu.com,28
1762719620.692649,10.0.0.1,ntp.ubuntu.com,1
1762719620.694254,10.0.0.2,ntp.ubuntu.com,1
1762719620.694276,10.0.0.2,ntp.ubuntu.com,1
1762719620.694568,10.0.0.2,ntp.ubuntu.com,28
1762719620.694582,10.0.0.2,ntp.ubuntu.com,28
1762719620.694715,10.0.0.1,ntp.ubuntu.com,1
1762719620.694726,10.0.0.1,ntp.ubuntu.com,1
1762719620.694864,10.0.0.1,ntp.ubuntu.com,28
1762719620.694875,10.0.0.1,ntp.ubuntu.com,28
1762719620.698661,10.0.0.2,ntp.ubuntu.com,28
1762719620.698679,10.0.0.2,ntp.ubuntu.com,28
1762719620.698782,10.0.0.2,ntp.ubuntu.com,1
1762719620.698799,10.0.0.2,ntp.ubuntu.com,1
1762719620.699091,10.0.0.1,ntp.ubuntu.com,28
1762719620.699104,10.0.0.1,ntp.ubuntu.com,28
1762719625.702337,10.0.0.2,ntp.ubuntu.com,1
1762719625.702369,10.0.0.2,ntp.ubuntu.com,1
1762719625.702717,10.0.0.2,ntp.ubuntu.com,28
1762719625.702747,10.0.0.2,ntp.ubuntu.com,28
1762719625.702953,10.0.0.1,ntp.ubuntu.com,1
1762719625.702971,10.0.0.1,ntp.ubuntu.com,1
1762719625.703184,10.0.0.1,ntp.ubuntu.com,28
1762719625.703201,10.0.0.1,ntp.ubuntu.com,28
1762719625.708420,10.0.0.2,ntp.ubuntu.com,28
1762719625.708444,10.0.0.2,ntp.ubuntu.com,28
1762719625.708654,10.0.0.2,ntp.ubuntu.com,1
1762719625.708680,10.0.0.2,ntp.ubuntu.com,1
1762719625.708882,10.0.0.1,ntp.ubuntu.com,28
1762719625.708901,10.0.0.1,ntp.ubuntu.com,28
1762719625.709159,10.0.0.1,ntp.ubuntu.com,1
1762719625.709177,10.0.0.1,ntp.ubuntu.com,1
1762719625.710633,10.0.0.2,ntp.ubuntu.com,1
1762719625.710661,10.0.0.2,ntp.ubuntu.com,1
1762719625.710820,10.0.0.2,ntp.ubuntu.com,28
1762719625.710845,10.0.0.2,ntp.ubuntu.com,28
1762719625.711133,10.0.0.1,ntp.ubuntu.com,1
1762719625.711153,10.0.0.1,ntp.ubuntu.com,1
1762719630.720803,10.0.0.2,ntp.ubuntu.com,28
1762719630.720823,10.0.0.2,ntp.ubuntu.com,28
1762719630.721099,10.0.0.1,ntp.ubuntu.com,28
1762719630.721111,10.0.0.1,ntp.ubuntu.com,28
1762719630.721485,10.0.0.2,ntp.ubuntu.com,1
1762719630.721503,10.0.0.2,ntp.ubuntu.com,1
1762719630.721743,10.0.0.1,ntp.ubuntu.com,1
1762719630.721754,10.0.0.1,ntp.ubuntu.com,1
1762719630.722302,10.0.0.2,ntp.ubuntu.com,1
1762719630.722319,10.0.0.2,ntp.ubuntu.com,1
1762719630.722419,10.0.0.2,ntp.ubuntu.com,28
1762719630.722435,10.0.0.2,ntp.ubuntu.com,28
1762719630.722648,10.0.0.1,ntp.ubuntu.com,1
1762719630.722649,10.0.0.1,ntp.ubuntu.com,28
1762719630.722661,10.0.0.1,ntp.ubuntu.com,1
1762719630.722676,10.0.0.1,ntp.ubuntu.com,28
1762719630.726280,10.0.0.2,ntp.ubuntu.com,28
1762719630.726297,10.0.0.2,ntp.ubuntu.com,28
1762719630.726397,10.0.0.2,ntp.ubuntu.com,1
1762719630.726410,10.0.0.2,ntp.ubuntu.com,1
1762719630.726598,10.0.0.1,ntp.ubuntu.com,28
1762719630.726610,10.0.0.1,ntp.ubuntu.com,28
1762719635.733014,10.0.0.2,ntp.ubuntu.com,1
1762719635.733129,10.0.0.2,ntp.ubuntu.com,1
1762719635.733994,10.0.0.1,ntp.ubuntu.com,1
1762719635.733995,10.0.0.2,ntp.ubuntu.com,28
1762719635.734055,10.0.0.1,ntp.ubuntu.com,1
1762719635.734111,10.0.0.2,ntp.ubuntu.com,28
1762719635.734875,10.0.0.1,ntp.ubuntu.com,28
1762719635.734913,10.0.0.1,ntp.ubuntu.com,28
1762719635.747868,10.0.0.2,ntp.ubuntu.com,28
1762719635.747944,10.0.0.2,ntp.ubuntu.com,28
1762719635.748306,10.0.0.2,ntp.ubuntu.com,1
1762719635.748381,10.0.0.2,ntp.ubuntu.com,1
1762719635.748687,10.0.0.1,ntp.ubuntu.com,28
1762719635.748724,10.0.0.1,ntp.ubuntu.com,28
1762719635.749092,10.0.0.1,ntp.ubuntu.com,1
1762719635.749127,10.0.0.1,ntp.ubuntu.com,1
1762719635.751383,10.0.0.2,ntp.ubuntu.com,1
1762719635.751453,10.0.0.2,ntp.ubuntu.com,1
1762719635.752350,10.0.0.2,ntp.ubuntu.com,28
1762719635.752351,10.0.0.1,ntp.ubuntu.com,1
1762719635.752419,10.0.0.2,ntp.ubuntu.com,28
1762719635.752482,10.0.0.1,ntp.ubuntu.com,1
1762719640.768854,10.0.0.2,ntp.ubuntu.com,28
1762719640.768947,10.0.0.2,ntp.ubuntu.com,28
1762719640.770268,10.0.0.1,ntp.ubuntu.com,28
1762719640.770323,10.0.0.1,ntp.ubuntu.com,28
1762719640.771589,10.0.0.2,ntp.ubuntu.com,1
1762719640.771670,10.0.0.2,ntp.ubuntu.com,1
1762719640.772485,10.0.0.1,ntp.ubuntu.com,1
1762719640.772537,10.0.0.1,ntp.ubuntu.com,1
1762719640.777031,10.0.0.2,ntp.ubuntu.com,1
1762719640.777129,10.0.0.2,ntp.ubuntu.com,1
1762719640.777988,10.0.0.1,ntp.ubuntu.com,1
1762719640.777989,10.0.0.2,ntp.ubuntu.com,28
1762719640.778058,10.0.0.1,ntp.ubuntu.com,1
1762719640.778141,10.0.0.2,ntp.ubuntu.com,28
1762719640.780529,10.0.0.1,ntp.ubuntu.com,28
1762719640.780572,10.0.0.1,ntp.ubuntu.com,28
1762719640.791638,10.0.0.2,ntp.ubuntu.com,28
1762719640.791639,10.0.0.2,ntp.ubuntu.com,1
1762719640.791708,10.0.0.2,ntp.ubuntu.com,28
1762719640.791767,10.0.0.2,ntp.ubuntu.com,1
1762719640.792689,10.0.0.1,ntp.ubuntu.com,28
1762719640.792744,10.0.0.1,ntp.ubuntu.com,28
1762719645.791899,10.0.0.2,ntp.ubuntu.com,28
1762719645.791958,10.0.0.2,ntp.ubuntu.com,28
1762719645.792324,10.0.0.1,ntp.ubuntu.com,28
1762719645.792339,10.0.0.1,ntp.ubuntu.com,28
1762719645.798708,10.0.0.2,ntp.ubuntu.com,1
1762719645.798739,10.0.0.2,ntp.ubuntu.com,1
1762719645.799151,10.0.0.1,ntp.ubuntu.com,1
1762719645.799166,10.0.0.1,ntp.ubuntu.com,1
1762719645.800125,10.0.0.2,ntp.ubuntu.com,1
1762719645.800149,10.0.0.2,ntp.ubuntu.com,1
1762719645.800474,10.0.0.1,ntp.ubuntu.com,1
1762719645.800491,10.0.0.1,ntp.ubuntu.com,1
1762719645.800596,10.0.0.2,ntp.ubuntu.com,28
1762719645.800614,10.0.0.2,ntp.ubuntu.com,28
1762719645.800859,10.0.0.1,ntp.ubuntu.com,28
1762719645.800872,10.0.0.1,ntp.ubuntu.com,28
1762719645.807174,10.0.0.2,ntp.ubuntu.com,28
1762719645.807199,10.0.0.2,ntp.ubuntu.com,28
1762719645.807632,10.0.0.2,ntp.ubuntu.com,1
1762719645.807632,10.0.0.1,ntp.ubuntu.com,28
1762719645.807655,10.0.0.2,ntp.ubuntu.com,1
1762719645.807673,10.0.0.1,ntp.ubuntu.com,28
1762719645.807942,10.0.0.1,ntp.ubuntu.com,1
1762719645.807955,10.0.0.1,ntp.ubuntu.com,1
1762719645.809931,10.0.0.2,ntp.ubuntu.com,1
1762719645.809966,10.0.0.2,ntp.ubuntu.com,1
1762719645.810092,10.0.0.2,ntp.ubuntu.com,28
1762719645.810111,10.0.0.2,ntp.ubuntu.com,28
1762719650.825456,10.0.0.2,ntp.ubuntu.com,1
1762719650.825457,10.0.0.2,ntp.ubuntu.com,28
1762719650.825509,10.0.0.2,ntp.ubuntu.com,1
1762719650.825548,10.0.0.2,ntp.ubuntu.com,28
1762719650.825945,10.0.0.1,ntp.ubuntu.com,1
1762719650.825968,10.0.0.1,ntp.ubuntu.com,1
1762719650.826312,10.0.0.1,ntp.ubuntu.com,28
1762719650.826335,10.0.0.1,ntp.ubuntu.com,28
1762719650.830760,10.0.0.2,ntp.ubuntu.com,1
1762719650.830854,10.0.0.2,ntp.ubuntu.com,1
1762719650.831071,10.0.0.2,ntp.ubuntu.com,28
1762719650.831101,10.0.0.2,ntp.ubuntu.com,28
1762719650.831381,10.0.0.1,ntp.ubuntu.com,1
1762719650.831401,10.0.0.1,ntp.ubuntu.com,1
1762719650.831573,10.0.0.1,ntp.ubuntu.com,28
1762719650.831591,10.0.0.1,ntp.ubuntu.com,28
1762719650.843328,10.0.0.2,ntp.ubuntu.com,28
1762719650.843328,10.0.0.2,ntp.ubuntu.com,1
1762719650.843369,10.0.0.2,ntp.ubuntu.com,28
1762719650.843398,10.0.0.2,ntp.ubuntu.com,1
1762719650.843981,10.0.0.1,ntp.ubuntu.com,28
1762719650.844004,10.0.0.1,ntp.ubuntu.com,28
1762719655.843631,10.0.0.2,ntp.ubuntu.com,28
1762719655.843689,10.0.0.2,ntp.ubuntu.com,28
1762719655.844054,10.0.0.1,ntp.ubuntu.com,28
1762719655.844072,10.0.0.1,ntp.ubuntu.com,28
1762719656.068539,10.0.0.2,ntp.ubuntu.com,1
1762719656.068599,10.0.0.2,ntp.ubuntu.com,1
1762719656.069277,10.0.0.1,ntp.ubuntu.com,1
1762719656.069305,10.0.0.1,ntp.ubuntu.com,1
1762719656.070761,10.0.0.2,ntp.ubuntu.com,1
1762719656.070805,10.0.0.2,ntp.ubuntu.com,1
1762719656.071427,10.0.0.1,ntp.ubuntu.com,1
1762719656.071459,10.0.0.1,ntp.ubuntu.com,1
1762719656.073266,10.0.0.2,ntp.ubuntu.com,28
1762719656.073309,10.0.0.2,ntp.ubuntu.com,28
1762719656.073910,10.0.0.1,ntp.ubuntu.com,28
1762719656.073946,10.0.0.1,ntp.ubuntu.com,28
1762719656.085181,10.0.0.2,ntp.ubuntu.com,28
1762719656.085181,10.0.0.2,ntp.ubuntu.com,1
1762719656.085269,10.0.0.2,ntp.ubuntu.com,28
1762719656.085322,10.0.0.2,ntp.ubuntu.com,1
1762719656.085853,10.0.0.1,ntp.ubuntu.com,28
1762719656.085879,10.0.0.1,ntp.ubuntu.com,28
1762719657.710801,10.0.0.2,axample.com,1
1762719657.710856,10.0.0.2,axample.com,1
1762719657.711291,10.0.0.1,axample.com,1
1762719657.711306,10.0.0.1,axample.com,1
1762719661.085707,10.0.0.2,ntp.ubuntu.com,28
1762719661.085824,10.0.0.2,ntp.ubuntu.com,28
1762719661.086742,10.0.0.1,ntp.ubuntu.com,28
1762719661.086777,10.0.0.1,ntp.ubuntu.com,28
1762719661.096788,10.0.0.2,ntp.ubuntu.com,1
1762719661.096847,10.0.0.2,ntp.ubuntu.com,1
1762719661.097593,10.0.0.1,ntp.ubuntu.com,1
1762719661.097627,10.0.0.1,ntp.ubuntu.com,1
1762719661.099217,10.0.0.2,ntp.ubuntu.com,1
1762719661.099264,10.0.0.2,ntp.ubuntu.com,1
1762719661.099943,10.0.0.2,ntp.ubuntu.com,28
1762719661.099943,10.0.0.1,ntp.ubuntu.com,1
1762719661.099994,10.0.0.2,ntp.ubuntu.com,28
1762719661.100036,10.0.0.1,ntp.ubuntu.com,1
1762719661.101031,10.0.0.1,ntp.ubuntu.com,28
1762719661.101062,10.0.0.1,ntp.ubuntu.com,28
1762719661.109581,10.0.0.2,ntp.ubuntu.com,28
1762719661.109582,10.0.0.2,ntp.ubuntu.com,1
1762719661.109632,10.0.0.2,ntp.ubuntu.com,28
1762719661.109723,10.0.0.2,ntp.ubuntu.com,1
1762719662.979812,10.0.0.2,example.com,1
1762719662.979869,10.0.0.2,example.com,1
1762719662.980311,10.0.0.1,example.com,1
1762719662.980329,10.0.0.1,example.com,1
1762719666.317773,10.0.0.2,ntp.ubuntu.com,28
1762719666.317867,10.0.0.2,ntp.ubuntu.com,28
1762719666.318862,10.0.0.1,ntp.ubuntu.com,28
1762719666.318899,10.0.0.1,ntp.ubuntu.com,28
1762719666.341467,10.0.0.2,ntp.ubuntu.com,1
1762719666.341643,10.0.0.2,ntp.ubuntu.com,1
1762719666.342886,10.0.0.1,ntp.ubuntu.com,1
1762719666.342994,10.0.0.1,ntp.ubuntu.com,1
1762719666.349649,10.0.0.2,ntp.ubuntu.com,1
1762719666.349758,10.0.0.2,ntp.ubuntu.com,1
1762719666.350814,10.0.0.1,ntp.ubuntu.com,1
1762719666.350850,10.0.0.1,ntp.ubuntu.com,1
1762719666.351299,10.0.0.2,ntp.ubuntu.com,28
1762719666.351344,10.0.0.2,ntp.ubuntu.com,28
1762719666.352059,10.0.0.1,ntp.ubuntu.com,28
1762719666.352091,10.0.0.1,ntp.ubuntu.com,28
1762719666.367404,10.0.0.2,ntp.ubuntu.com,28
1762719666.367511,10.0.0.2,ntp.ubuntu.com,28
1762719666.367855,10.0.0.2,ntp.ubuntu.com,1
1762719666.367913,10.0.0.2,ntp.ubuntu.com,1
1762719671.569885,10.0.0.2,ntp.ubuntu.com,28
1762719671.569886,10.0.0.2,ntp.ubuntu.com,1
1762719671.569946,10.0.0.2,ntp.ubuntu.com,28
1762719671.569978,10.0.0.2,ntp.ubuntu.com,1
1762719671.570472,10.0.0.1,ntp.ubuntu.com,28
1762719671.570473,10.0.0.1,ntp.ubuntu.com,1
1762719671.570496,10.0.0.1,ntp.ubuntu.com,28
1762719671.570514,10.0.0.1,ntp.ubuntu.com,1
1762719671.576280,10.0.0.2,ntp.ubuntu.com,28
1762719671.576309,10.0.0.2,ntp.ubuntu.com,28
1762719671.576447,10.0.0.2,ntp.ubuntu.com,1
1762719671.576470,10.0.0.2,ntp.ubuntu.com,1
1762719671.576638,10.0.0.1,ntp.ubuntu.com,28
1762719671.576656,10.0.0.1,ntp.ubuntu.com,28
1762719671.576798,10.0.0.1,ntp.ubuntu.com,1
1762719671.576814,10.0.0.1,ntp.ubuntu.com,1
1762719671.578338,10.0.0.2,ntp.ubuntu.com,1
1762719671.578381,10.0.0.2,ntp.ubuntu.com,1
1762719671.578676,10.0.0.2,ntp.ubuntu.com,28
1762719671.578677,10.0.0.1,ntp.ubuntu.com,1
1762719671.578701,10.0.0.2,ntp.ubuntu.com,28
1762719671.578724,10.0.0.1,ntp.ubuntu.com,1
1762719676.587808,10.0.0.2,ntp.ubuntu.com,28
1762719676.587808,10.0.0.2,ntp.ubuntu.com,1
1762719676.587842,10.0.0.2,ntp.ubuntu.com,28
1762719676.587861,10.0.0.2,ntp.ubuntu.com,1
1762719676.588137,10.0.0.1,ntp.ubuntu.com,28
1762719676.588137,10.0.0.1,ntp.ubuntu.com,1
1762719676.588150,10.0.0.1,ntp.ubuntu.com,28
1762719676.588164,10.0.0.1,ntp.ubuntu.com,1
1762719676.588769,10.0.0.2,ntp.ubuntu.com,1
1762719676.588789,10.0.0.2,ntp.ubuntu.com,1
1762719676.588954,10.0.0.2,ntp.ubuntu.com,28
1762719676.588969,10.0.0.2,ntp.ubuntu.com,28
1762719676.589054,10.0.0.1,ntp.ubuntu.com,1
1762719676.589066,10.0.0.1,ntp.ubuntu.com,1
1762719676.589150,10.0.0.1,ntp.ubuntu.com,28
1762719676.589159,10.0.0.1,ntp.ubuntu.com,28
1762719676.592144,10.0.0.2,ntp.ubuntu.com,28
1762719676.592144,10.0.0.2,ntp.ubuntu.com,1
1762719676.592162,10.0.0.2,ntp.ubuntu.com,28
1762719676.592178,10.0.0.2,ntp.ubuntu.com,1
1762719676.592513,10.0.0.1,ntp.ubuntu.com,28
1762719676.592524,10.0.0.1,ntp.ubuntu.com,28
1762719681.599710,10.0.0.2,ntp.ubuntu.com,1
1762719681.599825,10.0.0.2,ntp.ubuntu.com,1
1762719681.600492,10.0.0.2,ntp.ubuntu.com,28
1762719681.600493,10.0.0.1,ntp.ubuntu.com,1
1762719681.600566,10.0.0.2,ntp.ubuntu.com,28
1762719681.600617,10.0.0.1,ntp.ubuntu.com,1
1762719681.601329,10.0.0.1,ntp.ubuntu.com,28
1762719681.601367,10.0.0.1,ntp.ubuntu.com,28
1762719681.613565,10.0.0.2,ntp.ubuntu.com,28
1762719681.613648,10.0.0.2,ntp.ubuntu.com,28
1762719681.613992,10.0.0.2,ntp.ubuntu.com,1
1762719681.614039,10.0.0.2,ntp.ubuntu.com,1
1762719681.614804,10.0.0.1,ntp.ubuntu.com,28
1762719681.614804,10.0.0.1,ntp.ubuntu.com,1
1762719681.614843,10.0.0.1,ntp.ubuntu.com,28
1762719681.614884,10.0.0.1,ntp.ubuntu.com,1
1762719681.617400,10.0.0.2,ntp.ubuntu.com,1
1762719681.617456,10.0.0.2,ntp.ubuntu.com,1
1762719681.618251,10.0.0.2,ntp.ubuntu.com,28
1762719681.618251,10.0.0.1,ntp.ubuntu.com,1
1762719681.618311,10.0.0.2,ntp.ubuntu.com,28
1762719681.618362,10.0.0.1,ntp.ubuntu.com,1
1762719686.626305,10.0.0.2,ntp.ubuntu.com,28
1762719686.626342,10.0.0.2,ntp.ubuntu.com,28
1762719686.626415,10.0.0.2,ntp.ubuntu.com,1
1762719686.626429,10.0.0.2,ntp.ubuntu.com,1
1762719686.626639,10.0.0.1,ntp.ubuntu.com,28
1762719686.626655,10.0.0.1,ntp.ubuntu.com,28
1762719686.626764,10.0.0.1,ntp.ubuntu.com,1
1762719686.626775,10.0.0.1,ntp.ubuntu.com,1
1762719686.627669,10.0.0.2,ntp.ubuntu.com,1
1762719686.627692,10.0.0.2,ntp.ubuntu.com,1
1762719686.627979,10.0.0.1,ntp.ubuntu.com,1
1762719686.627980,10.0.0.2,ntp.ubuntu.com,28
1762719686.627996,10.0.0.1,ntp.ubuntu.com,1
1762719686.628013,10.0.0.2,ntp.ubuntu.com,28
1762719686.628245,10.0.0.1,ntp.ubuntu.com,28
1762719686.628257,10.0.0.1,ntp.ubuntu.com,28
1762719686.631350,10.0.0.2,ntp.ubuntu.com,28
1762719686.631350,10.0.0.2,ntp.ubuntu.com,1
1762719686.631373,10.0.0.2,ntp.ubuntu.com,28
1762719686.631418,10.0.0.2,ntp.ubuntu.com,1
1762719686.631700,10.0.0.1,ntp.ubuntu.com,28
1762719686.631711,10.0.0.1,ntp.ubuntu.com,28
1762719691.636743,10.0.0.2,ntp.ubuntu.com,1
1762719691.636867,10.0.0.2,ntp.ubuntu.com,1
1762719691.637291,10.0.0.2,ntp.ubuntu.com,28
1762719691.637368,10.0.0.2,ntp.ubuntu.com,28
1762719691.638331,10.0.0.1,ntp.ubuntu.com,1
1762719691.638331,10.0.0.1,ntp.ubuntu.com,28
1762719691.638387,10.0.0.1,ntp.ubuntu.com,1
1762719691.638454,10.0.0.1,ntp.ubuntu.com,28
1762719691.656808,10.0.0.2,ntp.ubuntu.com,28
1762719691.656952,10.0.0.2,ntp.ubuntu.com,28
1762719691.657334,10.0.0.2,ntp.ubuntu.com,1
1762719691.657399,10.0.0.2,ntp.ubuntu.com,1
1762719691.658035,10.0.0.1,ntp.ubuntu.com,28
1762719691.658132,10.0.0.1,ntp.ubuntu.com,28
1762719691.658706,10.0.0.1,ntp.ubuntu.com,1
1762719691.658751,10.0.0.1,ntp.ubuntu.com,1
1762719691.663392,10.0.0.2,ntp.ubuntu.com,1
1762719691.663488,10.0.0.2,ntp.ubuntu.com,1
1762719691.664163,10.0.0.2,ntp.ubuntu.com,28
1762719691.664228,10.0.0.2,ntp.ubuntu.com,28
1762719691.664573,10.0.0.1,ntp.ubuntu.com,1
1762719691.664610,10.0.0.1,ntp.ubuntu.com,1
1762719696.672743,10.0.0.2,ntp.ubuntu.com,28
1762719696.672743,10.0.0.2,ntp.ubuntu.com,1
1762719696.672778,10.0.0.2,ntp.ubuntu.com,28
1762719696.672793,10.0.0.2,ntp.ubuntu.com,1
1762719696.673081,10.0.0.1,ntp.ubuntu.com,28
1762719696.673081,10.0.0.1,ntp.ubuntu.com,1
1762719696.673093,10.0.0.1,ntp.ubuntu.com,28
1762719696.673107,10.0.0.1,ntp.ubuntu.com,1
1762719696.673679,10.0.0.2,ntp.ubuntu.com,1
1762719696.673696,10.0.0.2,ntp.ubuntu.com,1
1762719696.673840,10.0.0.2,ntp.ubuntu.com,28
1762719696.673857,10.0.0.2,ntp.ubuntu.com,28
1762719696.673944,10.0.0.1,ntp.ubuntu.com,1
1762719696.673956,10.0.0.1,ntp.ubuntu.com,1
1762719696.674033,10.0.0.1,ntp.ubuntu.com,28
1762719696.674043,10.0.0.1,ntp.ubuntu.com,28
1762719696.678080,10.0.0.2,ntp.ubuntu.com,28
1762719696.678095,10.0.0.2,ntp.ubuntu.com,1
1762719696.678116,10.0.0.2,ntp.ubuntu.com,28
1762719696.678133,10.0.0.2,ntp.ubuntu.com,1
1762719696.678501,10.0.0.1,ntp.ubuntu.com,28
1762719696.678513,10.0.0.1,ntp.ubuntu.com,28
1762719701.682182,10.0.0.2,ntp.ubuntu.com,1
1762719701.682182,10.0.0.2,ntp.ubuntu.com,28
1762719701.682238,10.0.0.2,ntp.ubuntu.com,1
1762719701.682277,10.0.0.2,ntp.ubuntu.com,28
1762719701.682765,10.0.0.1,ntp.ubuntu.com,1
1762719701.682765,10.0.0.1,ntp.ubuntu.com,28
1762719701.682784,10.0.0.1,ntp.ubuntu.com,1
1762719701.682803,10.0.0.1,ntp.ubuntu.com,28
1762719701.687790,10.0.0.2,ntp.ubuntu.com,28
1762719701.687790,10.0.0.2,ntp.ubuntu.com,1
1762719701.687837,10.0.0.2,ntp.ubuntu.com,28
1762719701.687861,10.0.0.2,ntp.ubuntu.com,1
1762719701.688244,10.0.0.1,ntp.ubuntu.com,28
1762719701.688244,10.0.0.1,ntp.ubuntu.com,1
1762719701.688260,10.0.0.1,ntp.ubuntu.com,28
1762719701.688275,10.0.0.1,ntp.ubuntu.com,1
1762719701.688907,10.0.0.2,ntp.ubuntu.com,1
1762719701.688931,10.0.0.2,ntp.ubuntu.com,1
1762719701.689099,10.0.0.2,ntp.ubuntu.com,28
1762719701.689116,10.0.0.2,ntp.ubuntu.com,28
1762719701.689223,10.0.0.1,ntp.ubuntu.com,1
1762719701.689236,10.0.0.1,ntp.ubuntu.com,1
1762719704.052814,10.0.0.2,firefox.settings.services.mozilla.com,1
1762719704.052814,10.0.0.2,firefox.settings.services.mozilla.com,28
1762719704.052849,10.0.0.2,firefox.settings.services.mozilla.com,1
1762719704.052867,10.0.0.2,firefox.settings.services.mozilla.com,28
1762719704.053181,10.0.0.1,firefox.settings.services.mozilla.com,1
1762719704.053182,10.0.0.1,firefox.settings.services.mozilla.com,28
1762719704.053195,10.0.0.1,firefox.settings.services.mozilla.com,1
1762719704.053209,10.0.0.1,firefox.settings.services.mozilla.com,28
1762719704.054997,10.0.0.2,firefox.settings.services.mozilla.com,1
1762719704.055033,10.0.0.2,firefox.settings.services.mozilla.com,1
1762719704.055212,10.0.0.2,firefox.settings.services.mozilla.com,28
1762719704.055231,10.0.0.2,firefox.settings.services.mozilla.com,28
1762719704.055335,10.0.0.1,firefox.settings.services.mozilla.com,1
1762719704.055347,10.0.0.1,firefox.settings.services.mozilla.com,1
1762719706.421385,10.0.0.2,detectportal.firefox.com,28
1762719706.421385,10.0.0.2,detectportal.firefox.com,1
1762719706.421422,10.0.0.2,detectportal.firefox.com,28
1762719706.421442,10.0.0.2,detectportal.firefox.com,1
1762719706.421768,10.0.0.1,detectportal.firefox.com,28
1762719706.421768,10.0.0.1,detectportal.firefox.com,1
1762719706.421782,10.0.0.1,detectportal.firefox.com,28
1762719706.421797,10.0.0.1,detectportal.firefox.com,1
1762719706.423538,10.0.0.2,detectportal.firefox.com,1
1762719706.423563,10.0.0.2,detectportal.firefox.com,1
1762719706.423664,10.0.0.2,detectportal.firefox.com,28
1762719706.423684,10.0.0.2,detectportal.firefox.com,28
1762719706.697339,10.0.0.2,ntp.ubuntu.com,1
1762719706.697398,10.0.0.2,ntp.ubuntu.com,1
1762719706.711273,10.0.0.2,ntp.ubuntu.com,28
1762719706.711316,10.0.0.2,ntp.ubuntu.com,28
1762719709.061463,10.0.0.2,firefox.settings.services.mozilla.com,1
1762719709.061463,10.0.0.2,firefox.settings.services.mozilla.com,28
1762719709.061519,10.0.0.2,firefox.settings.services.mozilla.com,1
1762719709.061539,10.0.0.2,firefox.settings.services.mozilla.com,28
1762719709.061933,10.0.0.1,firefox.settings.services.mozilla.com,1
1762719709.061933,10.0.0.1,firefox.settings.services.mozilla.com,28
1762719709.061948,10.0.0.1,firefox.settings.services.mozilla.com,1
1762719709.061961,10.0.0.1,firefox.settings.services.mozilla.com,28
1762719709.065045,10.0.0.2,firefox.settings.services.mozilla.com,28
1762719709.065062,10.0.0.2,firefox.settings.services.mozilla.com,28
1762719709.065151,10.0.0.2,firefox.settings.services.mozilla.com,1
1762719709.065167,10.0.0.2,firefox.settings.services.mozilla.com,1
1762719709.065411,10.0.0.1,firefox.settings.services.mozilla.com,28
1762719709.065424,10.0.0.1,firefox.settings.services.mozilla.com,28
1762719710.099846,10.0.0.2,content-signature-2.cdn.mozilla.net,1
1762719710.099902,10.0.0.2,content-signature-2.cdn.mozilla.net,1
1762719710.100329,10.0.0.1,content-signature-2.cdn.mozilla.net,1
1762719710.100343,10.0.0.1,content-signature-2.cdn.mozilla.net,1
1762719710.100770,10.0.0.2,content-signature-2.cdn.mozilla.net,28
1762719710.100789,10.0.0.2,content-signature-2.cdn.mozilla.net,28
1762719710.159666,10.0.0.2,www.google.com,65
1762719710.159731,10.0.0.2,www.google.com,65
1762719710.160111,10.0.0.2,www.google.com,1
1762719710.160129,10.0.0.2,www.google.com,1
1762719710.160215,10.0.0.2,www.google.com,28
1762719710.160232,10.0.0.2,www.google.com,28
1762719711.222614,10.0.0.2,safebrowsing.googleapis.com,1
1762719711.222661,10.0.0.2,safebrowsing.googleapis.com,1
1762719711.222761,10.0.0.2,safebrowsing.googleapis.com,28
1762719711.222779,10.0.0.2,safebrowsing.googleapis.com,28
1762719711.223044,10.0.0.1,safebrowsing.googleapis.com,1
1762719711.223057,10.0.0.1,safebrowsing.googleapis.com,1
1762719711.434421,10.0.0.2,detectportal.firefox.com,1
1762719711.434421,10.0.0.2,detectportal.firefox.com,28
1762719711.434451,10.0.0.2,detectportal.firefox.com,1
1762719711.434467,10.0.0.2,detectportal.firefox.com,28
1762719711.694932,10.0.0.2,normandy.cdn.mozilla.net,1
1762719711.694982,10.0.0.2,normandy.cdn.mozilla.net,1
1762719711.695563,10.0.0.2,normandy.cdn.mozilla.net,28
1762719711.695583,10.0.0.2,normandy.cdn.mozilla.net,28
1762719711.705207,10.0.0.2,ntp.ubuntu.com,1
1762719711.705254,10.0.0.2,ntp.ubuntu.com,1
1762719711.839056,10.0.0.2,ntp.ubuntu.com,28
1762719711.839102,10.0.0.2,ntp.ubuntu.com,28
1762719711.839472,10.0.0.1,ntp.ubuntu.com,28
1762719711.839488,10.0.0.1,ntp.ubuntu.com,28
1762719712.068921,10.0.0.2,push.services.mozilla.com,28
1762719712.068921,10.0.0.2,push.services.mozilla.com,1
1762719712.068964,10.0.0.2,push.services.mozilla.com,28
1762719712.068994,10.0.0.2,push.services.mozilla.com,1
1762719712.323448,10.0.0.2,www.wikipedia.org,1
1762719712.323501,10.0.0.2,www.wikipedia.org,1
1762719712.323824,10.0.0.2,www.wikipedia.org,65
1762719712.323842,10.0.0.2,www.wikipedia.org,65
1762719712.324200,10.0.0.2,www.youtube.com,1
1762719712.324216,10.0.0.2,www.youtube.com,1
1762719712.324669,10.0.0.2,www.youtube.com,65
1762719712.324685,10.0.0.2,www.youtube.com,65
1762719712.325015,10.0.0.2,www.reddit.com,1
1762719712.325031,10.0.0.2,www.reddit.com,1
1762719712.325163,10.0.0.2,www.reddit.com,28
1762719712.325178,10.0.0.2,www.reddit.com,28
1762719712.325295,10.0.0.2,www.wikipedia.org,28
1762719712.325310,10.0.0.2,www.wikipedia.org,28
1762719712.325478,10.0.0.2,www.reddit.com,65
1762719712.325497,10.0.0.2,www.reddit.com,65
1762719712.326545,10.0.0.2,www.youtube.com,28
1762719712.326563,10.0.0.2,www.youtube.com,28
1762719712.326764,10.0.0.2,addons.mozilla.org,1
1762719712.326779,10.0.0.2,addons.mozilla.org,1
1762719712.327041,10.0.0.2,addons.mozilla.org,28
1762719712.327056,10.0.0.2,addons.mozilla.org,28
1762719712.327147,10.0.0.2,addons.mozilla.org,65
1762719712.327163,10.0.0.2,addons.mozilla.org,65
1762719712.843477,10.0.0.2,incoming.telemetry.mozilla.org,1
1762719712.843534,10.0.0.2,incoming.telemetry.mozilla.org,1
1762719712.843693,10.0.0.2,incoming.telemetry.mozilla.org,28
1762719712.843721,10.0.0.2,incoming.telemetry.mozilla.org,28
1762719712.843904,10.0.0.1,incoming.telemetry.mozilla.org,1
1762719712.843923,10.0.0.1,incoming.telemetry.mozilla.org,1
1762719714.076271,10.0.0.2,firefox.settings.services.mozilla.com,1
1762719714.076312,10.0.0.2,firefox.settings.services.mozilla.com,1
1762719714.076416,10.0.0.2,firefox.settings.services.mozilla.com,28
1762719714.076440,10.0.0.2,firefox.settings.services.mozilla.com,28
1762719714.076579,10.0.0.1,firefox.settings.services.mozilla.com,1
1762719714.076593,10.0.0.1,firefox.settings.services.mozilla.com,1
1762719714.227429,10.0.0.2,archive.mozilla.org,28
1762719714.227429,10.0.0.2,archive.mozilla.org,1
1762719714.227462,10.0.0.2,archive.mozilla.org,28
1762719714.227481,10.0.0.2,archive.mozilla.org,1
1762719714.258402,10.0.0.2,example.org,1
1762719714.258458,10.0.0.2,example.org,1
1762719714.259672,10.0.0.2,example.org,28
1762719714.259695,10.0.0.2,example.org,28
1762719714.260771,10.0.0.2,cloudflare-dns.com,65
1762719714.260795,10.0.0.2,cloudflare-dns.com,65
1762719714.260987,10.0.0.2,ipv4only.arpa,1
1762719714.261009,10.0.0.2,ipv4only.arpa,1
1762719714.261156,10.0.0.2,ipv4only.arpa,28
1762719714.261173,10.0.0.2,ipv4only.arpa,28
1762719714.973110,10.0.0.2,example.com,65
1762719714.973174,10.0.0.2,example.com,65
1762719714.973666,10.0.0.1,example.com,65
1762719714.973683,10.0.0.1,example.com,65
1762719714.974352,10.0.0.2,example.com,1
1762719714.974375,10.0.0.2,example.com,1
1762719714.975056,10.0.0.2,example.com,28
1762719714.975078,10.0.0.2,example.com,28
1762719714.975419,10.0.0.2,example.com,65
1762719714.975484,10.0.0.2,example.com,65
1762719715.107585,10.0.0.2,content-signature-2.cdn.mozilla.net,1
1762719715.107585,10.0.0.2,content-signature-2.cdn.mozilla.net,28
1762719715.107656,10.0.0.2,content-signature-2.cdn.mozilla.net,1
1762719715.107699,10.0.0.2,content-signature-2.cdn.mozilla.net,28
1762719715.171759,10.0.0.2,www.google.com,65
1762719715.171759,10.0.0.2,www.google.com,1
1762719715.171778,10.0.0.2,www.google.com,65
1762719715.171796,10.0.0.2,www.google.com,1
1762719715.171949,10.0.0.2,www.google.com,28
1762719715.171969,10.0.0.2,www.google.com,28
1762719716.229451,10.0.0.2,safebrowsing.googleapis.com,1
1762719716.229451,10.0.0.2,safebrowsing.googleapis.com,28
1762719716.229496,10.0.0.2,safebrowsing.googleapis.com,1
1762719716.229518,10.0.0.2,safebrowsing.googleapis.com,28
1762719716.229925,10.0.0.1,safebrowsing.googleapis.com,1
1762719716.229945,10.0.0.1,safebrowsing.googleapis.com,1
1762719716.437968,10.0.0.2,detectportal.firefox.com,28
1762719716.437968,10.0.0.2,detectportal.firefox.com,1
1762719716.437998,10.0.0.2,detectportal.firefox.com,28
1762719716.438017,10.0.0.2,detectportal.firefox.com,1
1762719716.703166,10.0.0.2,normandy.cdn.mozilla.net,28
1762719716.703166,10.0.0.2,normandy.cdn.mozilla.net,1
1762719716.703210,10.0.0.2,normandy.cdn.mozilla.net,28
1762719716.703229,10.0.0.2,normandy.cdn.mozilla.net,1
1762719716.711059,10.0.0.2,ntp.ubuntu.com,1
1762719716.711093,10.0.0.2,ntp.ubuntu.com,1
1762719716.711288,10.0.0.2,ntp.ubuntu.com,28
1762719716.711312,10.0.0.2,ntp.ubuntu.com,28
1762719717.071604,10.0.0.2,push.services.mozilla.com,1
1762719717.071663,10.0.0.2,push.services.mozilla.com,1
1762719717.071888,10.0.0.2,push.services.mozilla.com,28
1762719717.071914,10.0.0.2,push.services.mozilla.com,28
1762719717.072120,10.0.0.1,push.services.mozilla.com,1
1762719717.072141,10.0.0.1,push.services.mozilla.com,1
1762719717.332586,10.0.0.2,addons.mozilla.org,65
1762719717.332694,10.0.0.2,addons.mozilla.org,65
1762719717.333283,10.0.0.2,www.wikipedia.org,1
1762719717.333318,10.0.0.2,www.wikipedia.org,1
1762719717.333960,10.0.0.2,addons.mozilla.org,28
1762719717.333994,10.0.0.2,addons.mozilla.org,28
1762719717.334263,10.0.0.2,addons.mozilla.org,1
1762719717.334264,10.0.0.2,www.youtube.com,28
1762719717.334301,10.0.0.2,addons.mozilla.org,1
1762719717.334344,10.0.0.2,www.youtube.com,28
1762719717.334607,10.0.0.2,www.reddit.com,65
1762719717.334644,10.0.0.2,www.reddit.com,65
1762719717.337248,10.0.0.2,www.youtube.com,1
1762719717.337249,10.0.0.2,www.reddit.com,28
1762719717.337249,10.0.0.2,www.reddit.com,1
1762719717.337249,10.0.0.2,www.youtube.com,65
1762719717.337249,10.0.0.2,www.wikipedia.org,28
1762719717.337250,10.0.0.2,www.wikipedia.org,65
1762719717.337326,10.0.0.2,www.youtube.com,1
1762719717.337385,10.0.0.2,www.reddit.com,28
1762719717.337419,10.0.0.2,www.reddit.com,1
1762719717.337446,10.0.0.2,www.youtube.com,65
1762719717.337474,10.0.0.2,www.wikipedia.org,28
1762719717.337501,10.0.0.2,www.wikipedia.org,65
1762719717.850956,10.0.0.2,incoming.telemetry.mozilla.org,1
1762719717.850958,10.0.0.2,incoming.telemetry.mozilla.org,28
1762719717.851066,10.0.0.2,incoming.telemetry.mozilla.org,1
1762719717.851123,10.0.0.2,incoming.telemetry.mozilla.org,28
1762719717.851941,10.0.0.1,incoming.telemetry.mozilla.org,1
1762719717.851982,10.0.0.1,incoming.telemetry.mozilla.org,1
1762719719.083294,10.0.0.2,firefox.settings.services.mozilla.com,1
1762719719.083417,10.0.0.2,firefox.settings.services.mozilla.com,1
1762719719.083742,10.0.0.2,firefox.settings.services.mozilla.com,28
1762719719.083779,10.0.0.2,firefox.settings.services.mozilla.com,28
1762719719.084457,10.0.0.1,firefox.settings.services.mozilla.com,1
1762719719.084496,10.0.0.1,firefox.settings.services.mozilla.com,1
1762719719.266401,10.0.0.2,ipv4only.arpa,28
1762719719.266402,10.0.0.2,ipv4only.arpa,1
1762719719.266402,10.0.0.2,cloudflare-dns.com,65
1762719719.266504,10.0.0.2,ipv4only.arpa,28
1762719719.266566,10.0.0.2,ipv4only.arpa,1
1762719719.266597,10.0.0.2,cloudflare-dns.com,65
1762719719.266939,10.0.0.2,example.org,28
1762719719.266940,10.0.0.2,example.org,1
1762719719.266940,10.0.0.2,archive.mozilla.org,1
1762719719.266940,10.0.0.2,archive.mozilla.org,28
1762719719.266994,10.0.0.2,example.org,28
1762719719.267056,10.0.0.2,example.org,1
1762719719.267093,10.0.0.2,archive.mozilla.org,1
1762719719.267123,10.0.0.2,archive.mozilla.org,28
1762719720.116775,10.0.0.2,content-signature-2.cdn.mozilla.net,28
1762719720.116776,10.0.0.2,content-signature-2.cdn.mozilla.net,1
1762719720.116873,10.0.0.2,content-signature-2.cdn.mozilla.net,28
1762719720.116950,10.0.0.2,content-signature-2.cdn.mozilla.net,1
1762719720.117668,10.0.0.1,content-signature-2.cdn.mozilla.net,28
1762719720.117700,10.0.0.1,content-signature-2.cdn.mozilla.net,28
1762719720.178189,10.0.0.2,www.google.com,1
1762719720.178190,10.0.0.2,www.google.com,65
1762719720.178287,10.0.0.2,www.google.com,1
1762719720.178339,10.0.0.2,www.google.com,65
1762719720.178729,10.0.0.2,www.google.com,28
1762719720.178768,10.0.0.2,www.google.com,28
1762719721.236939,10.0.0.2,safebrowsing.googleapis.com,1
1762719721.236940,10.0.0.2,safebrowsing.googleapis.com,28
1762719721.237107,10.0.0.2,safebrowsing.googleapis.com,1
1762719721.237187,10.0.0.2,safebrowsing.googleapis.com,28
1762719721.238205,10.0.0.1,safebrowsing.googleapis.com,1
1762719721.238244,10.0.0.1,safebrowsing.googleapis.com,1
1762719721.446799,10.0.0.2,detectportal.firefox.com,1
1762719721.446800,10.0.0.2,detectportal.firefox.com,28
1762719721.446841,10.0.0.2,detectportal.firefox.com,1
1762719721.446865,10.0.0.2,detectportal.firefox.com,28
1762719721.710757,10.0.0.2,normandy.cdn.mozilla.net,1
1762719721.710757,10.0.0.2,normandy.cdn.mozilla.net,28
1762719721.710800,10.0.0.2,normandy.cdn.mozilla.net,1
1762719721.710819,10.0.0.2,normandy.cdn.mozilla.net,28
1762719721.719185,10.0.0.2,ntp.ubuntu.com,28
1762719721.719227,10.0.0.2,ntp.ubuntu.com,28
1762719721.719335,10.0.0.2,ntp.ubuntu.com,1
1762719721.719353,10.0.0.2,ntp.ubuntu.com,1
1762719722.082081,10.0.0.2,push.services.mozilla.com,1
1762719722.082250,10.0.0.2,push.services.mozilla.com,1
1762719722.082885,10.0.0.2,push.services.mozilla.com,28
1762719722.082943,10.0.0.2,push.services.mozilla.com,28
1762719722.083684,10.0.0.1,push.services.mozilla.com,1
1762719722.083733,10.0.0.1,push.services.mozilla.com,1
1762719722.340776,10.0.0.2,www.wikipedia.org,65
1762719722.340776,10.0.0.2,www.wikipedia.org,28
1762719722.340777,10.0.0.2,www.youtube.com,65
1762719722.340898,10.0.0.2,www.wikipedia.org,65
1762719722.340962,10.0.0.2,www.wikipedia.org,28
1762719722.340997,10.0.0.2,www.youtube.com,65
1762719722.341798,10.0.0.2,www.reddit.com,1
1762719722.341840,10.0.0.2,www.reddit.com,1
1762719722.342173,10.0.0.2,www.reddit.com,28
1762719722.342220,10.0.0.2,www.reddit.com,28
1762719722.346044,10.0.0.2,addons.mozilla.org,65
1762719722.346045,10.0.0.2,addons.mozilla.org,28
1762719722.346045,10.0.0.2,www.reddit.com,65
1762719722.346045,10.0.0.2,www.youtube.com,28
1762719722.346046,10.0.0.2,addons.mozilla.org,1
1762719722.346046,10.0.0.2,www.youtube.com,1
1762719722.346046,10.0.0.2,www.wikipedia.org,1
1762719722.346114,10.0.0.2,addons.mozilla.org,65
1762719722.346169,10.0.0.2,addons.mozilla.org,28
1762719722.346202,10.0.0.2,www.reddit.com,65
1762719722.346233,10.0.0.2,www.youtube.com,28
1762719722.346261,10.0.0.2,addons.mozilla.org,1
1762719722.346293,10.0.0.2,www.youtube.com,1
1762719722.346339,10.0.0.2,www.wikipedia.org,1
1762719722.857720,10.0.0.2,incoming.telemetry.mozilla.org,1
1762719722.857721,10.0.0.2,incoming.telemetry.mozilla.org,28
1762719722.857846,10.0.0.2,incoming.telemetry.mozilla.org,1
1762719722.857909,10.0.0.2,incoming.telemetry.mozilla.org,28
1762719722.859093,10.0.0.1,incoming.telemetry.mozilla.org,1
1762719722.859131,10.0.0.1,incoming.telemetry.mozilla.org,1
1762719724.091570,10.0.0.2,firefox.settings.services.mozilla.com,1
1762719724.091571,10.0.0.2,firefox.settings.services.mozilla.com,28
1762719724.091654,10.0.0.2,firefox.settings.services.mozilla.com,1
1762719724.091701,10.0.0.2,firefox.settings.services.mozilla.com,28
1762719724.092439,10.0.0.1,firefox.settings.services.mozilla.com,1
1762719724.092468,10.0.0.1,firefox.settings.services.mozilla.com,1
1762719724.275711,10.0.0.2,archive.mozilla.org,28
1762719724.275712,10.0.0.2,archive.mozilla.org,1
1762719724.275815,10.0.0.2,archive.mozilla.org,28
1762719724.275875,10.0.0.2,archive.mozilla.org,1
1762719724.277200,10.0.0.2,example.org,1
1762719724.277200,10.0.0.2,example.org,28
1762719724.277200,10.0.0.2,cloudflare-dns.com,65
1762719724.277253,10.0.0.2,example.org,1
1762719724.277326,10.0.0.2,example.org,28
1762719724.277358,10.0.0.2,cloudflare-dns.com,65
1762719724.277640,10.0.0.2,ipv4only.arpa,1
1762719724.277640,10.0.0.2,ipv4only.arpa,28
1762719724.277680,10.0.0.2,ipv4only.arpa,1
1762719724.277726,10.0.0.2,ipv4only.arpa,28
1762719725.123336,10.0.0.2,content-signature-2.cdn.mozilla.net,1
1762719725.123467,10.0.0.2,content-signature-2.cdn.mozilla.net,1
1762719725.124182,10.0.0.2,content-signature-2.cdn.mozilla.net,28
1762719725.124248,10.0.0.2,content-signature-2.cdn.mozilla.net,28
1762719725.124519,10.0.0.1,content-signature-2.cdn.mozilla.net,1
1762719725.124558,10.0.0.1,content-signature-2.cdn.mozilla.net,1
1762719725.184348,10.0.0.2,www.google.com,28
1762719725.184349,10.0.0.2,www.google.com,65
1762719725.184473,10.0.0.2,www.google.com,28
1762719725.184549,10.0.0.2,www.google.com,65
1762719725.184815,10.0.0.2,www.google.com,1
1762719725.184861,10.0.0.2,www.google.com,1
1762719726.243280,10.0.0.2,safebrowsing.googleapis.com,1
1762719726.243428,10.0.0.2,safebrowsing.googleapis.com,1
1762719726.243788,10.0.0.2,safebrowsing.googleapis.com,28
1762719726.243833,10.0.0.2,safebrowsing.googleapis.com,28
1762719726.244500,10.0.0.1,safebrowsing.googleapis.com,1
1762719726.244548,10.0.0.1,safebrowsing.googleapis.com,1
1762719726.455521,10.0.0.2,detectportal.firefox.com,28
1762719726.455522,10.0.0.2,detectportal.firefox.com,1
1762719726.455753,10.0.0.2,detectportal.firefox.com,28
1762719726.455835,10.0.0.2,detectportal.firefox.com,1
1762719726.719377,10.0.0.2,normandy.cdn.mozilla.net,28
1762719726.719471,10.0.0.2,normandy.cdn.mozilla.net,28
1762719726.719832,10.0.0.2,normandy.cdn.mozilla.net,1
1762719726.719871,10.0.0.2,normandy.cdn.mozilla.net,1
1762719726.726734,10.0.0.2,ntp.ubuntu.com,1
1762719726.726735,10.0.0.2,ntp.ubuntu.com,28
1762719726.726791,10.0.0.2,ntp.ubuntu.com,1
1762719726.726839,10.0.0.2,ntp.ubuntu.com,28
1762719727.089398,10.0.0.2,push.services.mozilla.com,1
1762719727.089558,10.0.0.2,push.services.mozilla.com,1
1762719727.090040,10.0.0.2,push.services.mozilla.com,28
1762719727.090097,10.0.0.2,push.services.mozilla.com,28
1762719727.090721,10.0.0.1,push.services.mozilla.com,1
1762719727.090775,10.0.0.1,push.services.mozilla.com,1
1762719727.348537,10.0.0.2,www.wikipedia.org,65
1762719727.348685,10.0.0.2,www.wikipedia.org,65
1762719727.349100,10.0.0.2,www.wikipedia.org,1
1762719727.349150,10.0.0.2,www.wikipedia.org,1
1762719727.349541,10.0.0.2,www.youtube.com,1
1762719727.349584,10.0.0.2,www.youtube.com,1
1762719727.350088,10.0.0.2,addons.mozilla.org,1
1762719727.350088,10.0.0.2,www.wikipedia.org,28
1762719727.350140,10.0.0.2,addons.mozilla.org,1
1762719727.350196,10.0.0.2,www.wikipedia.org,28
1762719727.350433,10.0.0.2,www.youtube.com,28
1762719727.350475,10.0.0.2,www.youtube.com,28
1762719727.350938,10.0.0.2,www.reddit.com,1
1762719727.350984,10.0.0.2,www.reddit.com,1
1762719727.351340,10.0.0.2,addons.mozilla.org,28
1762719727.351376,10.0.0.2,addons.mozilla.org,28
1762719727.351632,10.0.0.2,addons.mozilla.org,65
1762719727.351671,10.0.0.2,addons.mozilla.org,65
1762719727.351946,10.0.0.2,www.reddit.com,28
1762719727.351981,10.0.0.2,www.reddit.com,28
1762719727.352283,10.0.0.2,www.reddit.com,65
1762719727.352320,10.0.0.2,www.reddit.com,65
1762719727.352755,10.0.0.2,www.youtube.com,65
1762719727.352811,10.0.0.2,www.youtube.com,65
1762719727.865336,10.0.0.2,incoming.telemetry.mozilla.org,1
1762719727.865337,10.0.0.2,incoming.telemetry.mozilla.org,28
1762719727.865487,10.0.0.2,incoming.telemetry.mozilla.org,1
1762719727.865560,10.0.0.2,incoming.telemetry.mozilla.org,28
1762719727.866656,10.0.0.1,incoming.telemetry.mozilla.org,1
1762719727.866699,10.0.0.1,incoming.telemetry.mozilla.org,1
1762719729.099021,10.0.0.2,firefox.settings.services.mozilla.com,28
1762719729.099143,10.0.0.2,firefox.settings.services.mozilla.com,28
1762719729.100461,10.0.0.1,firefox.settings.services.mozilla.com,28
1762719729.100517,10.0.0.1,firefox.settings.services.mozilla.com,28
1762719729.103044,10.0.0.2,firefox.settings.services.mozilla.com,1
1762719729.103108,10.0.0.2,firefox.settings.services.mozilla.com,1
1762719729.283111,10.0.0.2,ipv4only.arpa,28
1762719729.283112,10.0.0.2,ipv4only.arpa,1
1762719729.283112,10.0.0.2,cloudflare-dns.com,65
1762719729.283112,10.0.0.2,example.org,28
1762719729.283112,10.0.0.2,example.org,1
1762719729.283112,10.0.0.2,archive.mozilla.org,1
1762719729.283261,10.0.0.2,ipv4only.arpa,28
1762719729.283452,10.0.0.2,ipv4only.arpa,1
1762719729.283518,10.0.0.2,cloudflare-dns.com,65
1762719729.283560,10.0.0.2,example.org,28
1762719729.283593,10.0.0.2,example.org,1
1762719729.283628,10.0.0.2,archive.mozilla.org,1
1762719729.283965,10.0.0.2,archive.mozilla.org,28
1762719729.284011,10.0.0.2,archive.mozilla.org,28
1762719730.133427,10.0.0.2,content-signature-2.cdn.mozilla.net,1
1762719730.133428,10.0.0.2,content-signature-2.cdn.mozilla.net,28
1762719730.133560,10.0.0.2,content-signature-2.cdn.mozilla.net,1
1762719730.133620,10.0.0.2,content-signature-2.cdn.mozilla.net,28
1762719730.134768,10.0.0.1,content-signature-2.cdn.mozilla.net,1
1762719730.134807,10.0.0.1,content-signature-2.cdn.mozilla.net,1
1762719730.350570,10.0.0.2,www.google.com,28
1762719730.350666,10.0.0.2,www.google.com,28
1762719730.351069,10.0.0.2,www.google.com,1
1762719730.351184,10.0.0.2,www.google.com,1
1762719730.351546,10.0.0.2,www.google.com,65
1762719730.351587,10.0.0.2,www.google.com,65
1762719731.351245,10.0.0.2,safebrowsing.googleapis.com,28
1762719731.351457,10.0.0.2,safebrowsing.googleapis.com,28
1762719731.352625,10.0.0.1,safebrowsing.googleapis.com,28
1762719731.352672,10.0.0.1,safebrowsing.googleapis.com,28
1762719731.462104,10.0.0.2,detectportal.firefox.com,1
1762719731.462105,10.0.0.2,detectportal.firefox.com,28
1762719731.462183,10.0.0.2,detectportal.firefox.com,1
1762719731.462223,10.0.0.2,detectportal.firefox.com,28
1762719731.729710,10.0.0.2,ntp.ubuntu.com,28
1762719731.729812,10.0.0.2,ntp.ubuntu.com,28
1762719731.730278,10.0.0.2,normandy.cdn.mozilla.net,28
1762719731.730336,10.0.0.2,normandy.cdn.mozilla.net,28
1762719731.730892,10.0.0.2,ntp.ubuntu.com,1
1762719731.730941,10.0.0.2,ntp.ubuntu.com,1
1762719731.731323,10.0.0.2,normandy.cdn.mozilla.net,1
1762719731.731370,10.0.0.2,normandy.cdn.mozilla.net,1
1762719732.100674,10.0.0.2,push.services.mozilla.com,1
1762719732.100675,10.0.0.2,push.services.mozilla.com,28
1762719732.100796,10.0.0.2,push.services.mozilla.com,1
1762719732.100865,10.0.0.2,push.services.mozilla.com,28
1762719732.102016,10.0.0.1,push.services.mozilla.com,1
1762719732.102057,10.0.0.1,push.services.mozilla.com,1
1762719732.600553,10.0.0.2,www.wikipedia.org,65
1762719732.600554,10.0.0.2,www.youtube.com,65
1762719732.600554,10.0.0.2,www.reddit.com,65
1762719732.600676,10.0.0.2,www.wikipedia.org,65
1762719732.600773,10.0.0.2,www.youtube.com,65
1762719732.600818,10.0.0.2,www.reddit.com,65
1762719732.601132,10.0.0.2,www.reddit.com,28
1762719732.601176,10.0.0.2,www.reddit.com,28
1762719732.601515,10.0.0.2,addons.mozilla.org,65
1762719732.601516,10.0.0.2,addons.mozilla.org,28
1762719732.601569,10.0.0.2,addons.mozilla.org,65
1762719732.601628,10.0.0.2,addons.mozilla.org,28
1762719732.601900,10.0.0.2,www.reddit.com,1
1762719732.601901,10.0.0.2,www.youtube.com,28
1762719732.601901,10.0.0.2,www.wikipedia.org,28
1762719732.601955,10.0.0.2,www.reddit.com,1
1762719732.602013,10.0.0.2,www.youtube.com,28
1762719732.602041,10.0.0.2,www.wikipedia.org,28
1762719732.602318,10.0.0.2,addons.mozilla.org,1
1762719732.602318,10.0.0.2,www.youtube.com,1
1762719732.602319,10.0.0.2,www.wikipedia.org,1
1762719732.602372,10.0.0.2,addons.mozilla.org,1
1762719732.602432,10.0.0.2,www.youtube.com,1
1762719732.602463,10.0.0.2,www.wikipedia.org,1
1762719732.660837,10.0.0.2,services.addons.mozilla.org,1
1762719732.660947,10.0.0.2,services.addons.mozilla.org,1
1762719732.662776,10.0.0.2,services.addons.mozilla.org,28
1762719732.662837,10.0.0.2,services.addons.mozilla.org,28
1762719732.873235,10.0.0.2,incoming.telemetry.mozilla.org,1
1762719732.873236,10.0.0.2,incoming.telemetry.mozilla.org,28
1762719732.873280,10.0.0.2,incoming.telemetry.mozilla.org,1
1762719732.873303,10.0.0.2,incoming.telemetry.mozilla.org,28
1762719732.873598,10.0.0.1,incoming.telemetry.mozilla.org,1
1762719732.873610,10.0.0.1,incoming.telemetry.mozilla.org,1
1762719734.115605,10.0.0.2,firefox.settings.services.mozilla.com,1
1762719734.115716,10.0.0.2,firefox.settings.services.mozilla.com,1
1762719734.116517,10.0.0.2,firefox.settings.services.mozilla.com,28
1762719734.116591,10.0.0.2,firefox.settings.services.mozilla.com,28
1762719734.116877,10.0.0.1,firefox.settings.services.mozilla.com,1
1762719734.116915,10.0.0.1,firefox.settings.services.mozilla.com,1
1762719734.295452,10.0.0.2,archive.mozilla.org,28
1762719734.295453,10.0.0.2,archive.mozilla.org,1
1762719734.295453,10.0.0.2,example.org,1
1762719734.295453,10.0.0.2,example.org,28
1762719734.295543,10.0.0.2,archive.mozilla.org,28
1762719734.295569,10.0.0.2,archive.mozilla.org,1
1762719734.295581,10.0.0.2,example.org,1
1762719734.295591,10.0.0.2,example.org,28
1762719734.295688,10.0.0.2,cloudflare-dns.com,65
1762719734.295688,10.0.0.2,ipv4only.arpa,1
1762719734.295688,10.0.0.2,ipv4only.arpa,28
1762719734.295707,10.0.0.2,cloudflare-dns.com,65
1762719734.295724,10.0.0.2,ipv4only.arpa,1
1762719734.295736,10.0.0.2,ipv4only.arpa,28
1762719735.141288,10.0.0.2,content-signature-2.cdn.mozilla.net,1
1762719735.141289,10.0.0.2,content-signature-2.cdn.mozilla.net,28
1762719735.141418,10.0.0.2,content-signature-2.cdn.mozilla.net,1
1762719735.141479,10.0.0.2,content-signature-2.cdn.mozilla.net,28
1762719735.142345,10.0.0.1,content-signature-2.cdn.mozilla.net,1
1762719735.142498,10.0.0.1,content-signature-2.cdn.mozilla.net,1
1762719735.600937,10.0.0.2,www.google.com,28
1762719735.600937,10.0.0.2,www.google.com,65
1762719735.600937,10.0.0.2,www.google.com,1
1762719735.600983,10.0.0.2,www.google.com,28
1762719735.601003,10.0.0.2,www.google.com,65
1762719735.601013,10.0.0.2,www.google.com,1
1762719736.469773,10.0.0.2,detectportal.firefox.com,28
1762719736.469773,10.0.0.2,detectportal.firefox.com,1
1762719736.469815,10.0.0.2,detectportal.firefox.com,28
1762719736.469836,10.0.0.2,detectportal.firefox.com,1
1762719736.470134,10.0.0.1,detectportal.firefox.com,28
1762719736.470146,10.0.0.1,detectportal.firefox.com,28
1762719736.736890,10.0.0.2,normandy.cdn.mozilla.net,1
1762719736.736890,10.0.0.2,ntp.ubuntu.com,28
1762719736.737026,10.0.0.2,normandy.cdn.mozilla.net,1
1762719736.737084,10.0.0.2,ntp.ubuntu.com,28
1762719736.738422,10.0.0.2,ntp.ubuntu.com,1
1762719736.738423,10.0.0.2,normandy.cdn.mozilla.net,28
1762719736.738473,10.0.0.2,ntp.ubuntu.com,1
1762719736.738522,10.0.0.2,normandy.cdn.mozilla.net,28
1762719737.106246,10.0.0.2,push.services.mozilla.com,1
1762719737.106371,10.0.0.2,push.services.mozilla.com,1
1762719737.106879,10.0.0.2,push.services.mozilla.com,28
1762719737.106927,10.0.0.2,push.services.mozilla.com,28
1762719737.107319,10.0.0.1,push.services.mozilla.com,1
1762719737.107363,10.0.0.1,push.services.mozilla.com,1
1762719737.670230,10.0.0.2,services.addons.mozilla.org,28
1762719737.670231,10.0.0.2,services.addons.mozilla.org,1
1762719737.670363,10.0.0.2,services.addons.mozilla.org,28
1762719737.670443,10.0.0.2,services.addons.mozilla.org,1
1762719737.670758,10.0.0.2,www.wikipedia.org,1
1762719737.670807,10.0.0.2,www.wikipedia.org,1
1762719737.672602,10.0.0.2,www.youtube.com,1
1762719737.672658,10.0.0.2,www.youtube.com,1
1762719737.672995,10.0.0.2,www.wikipedia.org,65
1762719737.672996,10.0.0.2,addons.mozilla.org,1
1762719737.673047,10.0.0.2,www.wikipedia.org,65
1762719737.673108,10.0.0.2,addons.mozilla.org,1
1762719737.673461,10.0.0.2,www.wikipedia.org,28
1762719737.673568,10.0.0.2,www.wikipedia.org,28
1762719737.675928,10.0.0.2,www.youtube.com,28
1762719737.675928,10.0.0.2,www.reddit.com,65
1762719737.675988,10.0.0.2,www.youtube.com,28
1762719737.676055,10.0.0.2,www.reddit.com,65
1762719737.676336,10.0.0.2,addons.mozilla.org,28
1762719737.676336,10.0.0.2,addons.mozilla.org,65
1762719737.676337,10.0.0.2,www.reddit.com,28
1762719737.676386,10.0.0.2,addons.mozilla.org,28
1762719737.676434,10.0.0.2,addons.mozilla.org,65
1762719737.676456,10.0.0.2,www.reddit.com,28
1762719737.677535,10.0.0.2,www.reddit.com,1
1762719737.677620,10.0.0.2,www.reddit.com,1
1762719737.677942,10.0.0.2,www.youtube.com,65
1762719737.677989,10.0.0.2,www.youtube.com,65
1762719737.880640,10.0.0.2,incoming.telemetry.mozilla.org,1
1762719737.880640,10.0.0.2,incoming.telemetry.mozilla.org,28
1762719737.880769,10.0.0.2,incoming.telemetry.mozilla.org,1
1762719737.880833,10.0.0.2,incoming.telemetry.mozilla.org,28
1762719737.881763,10.0.0.1,incoming.telemetry.mozilla.org,1
1762719737.881801,10.0.0.1,incoming.telemetry.mozilla.org,1
1762719739.121391,10.0.0.2,firefox.settings.services.mozilla.com,1
1762719739.121513,10.0.0.2,firefox.settings.services.mozilla.com,1
1762719739.121856,10.0.0.2,firefox.settings.services.mozilla.com,28
1762719739.121899,10.0.0.2,firefox.settings.services.mozilla.com,28
1762719739.122663,10.0.0.1,firefox.settings.services.mozilla.com,1
1762719739.122702,10.0.0.1,firefox.settings.services.mozilla.com,1
1762719739.303155,10.0.0.2,ipv4only.arpa,28
1762719739.303156,10.0.0.2,archive.mozilla.org,28
1762719739.303269,10.0.0.2,ipv4only.arpa,28
1762719739.303332,10.0.0.2,archive.mozilla.org,28
1762719739.304197,10.0.0.2,ipv4only.arpa,1
1762719739.304197,10.0.0.2,cloudflare-dns.com,65
1762719739.304197,10.0.0.2,example.org,28
1762719739.304247,10.0.0.2,ipv4only.arpa,1
1762719739.304297,10.0.0.2,cloudflare-dns.com,65
1762719739.304329,10.0.0.2,example.org,28
1762719739.304973,10.0.0.2,example.org,1
1762719739.304973,10.0.0.2,archive.mozilla.org,1
1762719739.305017,10.0.0.2,example.org,1
1762719739.305064,10.0.0.2,archive.mozilla.org,1
1762719739.306265,10.0.0.2,detectportal.firefox.com,28
1762719739.306324,10.0.0.2,detectportal.firefox.com,28
1762719740.149311,10.0.0.2,content-signature-2.cdn.mozilla.net,1
1762719740.149312,10.0.0.2,content-signature-2.cdn.mozilla.net,28
1762719740.149452,10.0.0.2,content-signature-2.cdn.mozilla.net,1
1762719740.149534,10.0.0.2,content-signature-2.cdn.mozilla.net,28
1762719740.150810,10.0.0.1,content-signature-2.cdn.mozilla.net,1
1762719740.150848,10.0.0.1,content-signature-2.cdn.mozilla.net,1
1762719740.854020,10.0.0.2,www.google.com,28
1762719740.854021,10.0.0.2,www.google.com,1
1762719740.854022,10.0.0.2,www.google.com,65
1762719740.854295,10.0.0.2,www.google.com,28
1762719740.854405,10.0.0.2,www.google.com,1
1762719740.854493,10.0.0.2,www.google.com,65
1762719740.855448,10.0.0.1,www.google.com,28
1762719740.855486,10.0.0.1,www.google.com,28
1762719741.604510,10.0.0.2,detectportal.firefox.com,1
1762719741.604612,10.0.0.2,detectportal.firefox.com,1
1762719741.745272,10.0.0.2,normandy.cdn.mozilla.net,28
1762719741.745369,10.0.0.2,normandy.cdn.mozilla.net,28
1762719741.745692,10.0.0.2,normandy.cdn.mozilla.net,1
1762719741.745737,10.0.0.2,normandy.cdn.mozilla.net,1
1762719741.746695,10.0.0.2,ntp.ubuntu.com,1
1762719741.746739,10.0.0.2,ntp.ubuntu.com,1
1762719741.747107,10.0.0.2,ntp.ubuntu.com,28
1762719741.747149,10.0.0.2,ntp.ubuntu.com,28
1762719742.113369,10.0.0.2,push.services.mozilla.com,1
1762719742.113369,10.0.0.2,push.services.mozilla.com,28
1762719742.113466,10.0.0.2,push.services.mozilla.com,1
1762719742.113521,10.0.0.2,push.services.mozilla.com,28
1762719742.114391,10.0.0.1,push.services.mozilla.com,1
1762719742.114431,10.0.0.1,push.services.mozilla.com,1
1762719742.679041,10.0.0.2,www.reddit.com,28
1762719742.679041,10.0.0.2,services.addons.mozilla.org,28
1762719742.679041,10.0.0.2,www.wikipedia.org,1
1762719742.679041,10.0.0.2,addons.mozilla.org,65
1762719742.679092,10.0.0.2,www.reddit.com,28
1762719742.679113,10.0.0.2,services.addons.mozilla.org,28
1762719742.679123,10.0.0.2,www.wikipedia.org,1
1762719742.679138,10.0.0.2,addons.mozilla.org,65
1762719742.679251,10.0.0.2,addons.mozilla.org,28
1762719742.679252,10.0.0.2,www.reddit.com,65
1762719742.679252,10.0.0.2,www.wikipedia.org,28
1762719742.679252,10.0.0.2,www.youtube.com,28
1762719742.679252,10.0.0.2,addons.mozilla.org,1
1762719742.679252,10.0.0.2,www.wikipedia.org,65
1762719742.679252,10.0.0.2,www.youtube.com,1
1762719742.679271,10.0.0.2,addons.mozilla.org,28
1762719742.679286,10.0.0.2,www.reddit.com,65
1762719742.679301,10.0.0.2,www.wikipedia.org,28
1762719742.679313,10.0.0.2,www.youtube.com,28
1762719742.679326,10.0.0.2,addons.mozilla.org,1
1762719742.679335,10.0.0.2,www.wikipedia.org,65
1762719742.679345,10.0.0.2,www.youtube.com,1
1762719742.679630,10.0.0.2,services.addons.mozilla.org,1
1762719742.679630,10.0.0.2,www.reddit.com,1
1762719742.679642,10.0.0.2,services.addons.mozilla.org,1
1762719742.679657,10.0.0.2,www.reddit.com,1
1762719742.854849,10.0.0.2,www.youtube.com,65
1762719742.854979,10.0.0.2,www.youtube.com,65
1762719742.855438,10.0.0.1,www.youtube.com,65
1762719742.855465,10.0.0.1,www.youtube.com,65
1762719742.887342,10.0.0.2,incoming.telemetry.mozilla.org,1
1762719742.887423,10.0.0.2,incoming.telemetry.mozilla.org,1
1762719742.887607,10.0.0.2,incoming.telemetry.mozilla.org,28
1762719742.887631,10.0.0.2,incoming.telemetry.mozilla.org,28
1762719744.128167,10.0.0.2,firefox.settings.services.mozilla.com,1
1762719744.128167,10.0.0.2,firefox.settings.services.mozilla.com,28
1762719744.128234,10.0.0.2,firefox.settings.services.mozilla.com,1
1762719744.128262,10.0.0.2,firefox.settings.services.mozilla.com,28
1762719744.128711,10.0.0.1,firefox.settings.services.mozilla.com,1
1762719744.128734,10.0.0.1,firefox.settings.services.mozilla.com,1
1762719744.311310,10.0.0.2,detectportal.firefox.com,28
1762719744.311600,10.0.0.2,detectportal.firefox.com,28
1762719744.311966,10.0.0.2,ipv4only.arpa,28
1762719744.311967,10.0.0.2,ipv4only.arpa,1
1762719744.312011,10.0.0.2,ipv4only.arpa,28
1762719744.312056,10.0.0.2,ipv4only.arpa,1
1762719744.312319,10.0.0.2,example.org,1
1762719744.312320,10.0.0.2,example.org,28
1762719744.312362,10.0.0.2,example.org,1
1762719744.312407,10.0.0.2,example.org,28
1762719744.312857,10.0.0.2,cloudflare-dns.com,65
1762719744.312892,10.0.0.2,cloudflare-dns.com,65
1762719744.313374,10.0.0.2,archive.mozilla.org,1
1762719744.313375,10.0.0.2,archive.mozilla.org,28
1762719744.313417,10.0.0.2,archive.mozilla.org,1
1762719744.313461,10.0.0.2,archive.mozilla.org,28
1762719745.155876,10.0.0.2,content-signature-2.cdn.mozilla.net,1
1762719745.155876,10.0.0.2,content-signature-2.cdn.mozilla.net,28
1762719745.155985,10.0.0.2,content-signature-2.cdn.mozilla.net,1
1762719745.156042,10.0.0.2,content-signature-2.cdn.mozilla.net,28
1762719745.156789,10.0.0.1,content-signature-2.cdn.mozilla.net,1
1762719745.156829,10.0.0.1,content-signature-2.cdn.mozilla.net,1
1762719746.106466,10.0.0.2,www.google.com,1
1762719746.106467,10.0.0.2,www.google.com,65
1762719746.106600,10.0.0.2,www.google.com,1
1762719746.106641,10.0.0.2,www.google.com,65
1762719746.107161,10.0.0.1,www.google.com,1
1762719746.107189,10.0.0.1,www.google.com,1
1762719746.752531,10.0.0.2,ntp.ubuntu.com,28
1762719746.752531,10.0.0.2,detectportal.firefox.com,1
1762719746.752627,10.0.0.2,ntp.ubuntu.com,28
1762719746.752661,10.0.0.2,detectportal.firefox.com,1
1762719746.752770,10.0.0.2,ntp.ubuntu.com,1
1762719746.752771,10.0.0.2,normandy.cdn.mozilla.net,1
1762719746.752771,10.0.0.2,normandy.cdn.mozilla.net,28
1762719746.752792,10.0.0.2,ntp.ubuntu.com,1
1762719746.752810,10.0.0.2,normandy.cdn.mozilla.net,1
1762719746.752821,10.0.0.2,normandy.cdn.mozilla.net,28
1762719747.118574,10.0.0.2,push.services.mozilla.com,1
1762719747.118574,10.0.0.2,push.services.mozilla.com,28
1762719747.118625,10.0.0.2,push.services.mozilla.com,1
1762719747.118678,10.0.0.2,push.services.mozilla.com,28
1762719747.119055,10.0.0.1,push.services.mozilla.com,1
1762719747.119069,10.0.0.1,push.services.mozilla.com,1
1762719747.685935,10.0.0.2,www.reddit.com,1
1762719747.685936,10.0.0.2,www.reddit.com,28
1762719747.685988,10.0.0.2,www.reddit.com,1
1762719747.686010,10.0.0.2,www.reddit.com,28
1762719747.686083,10.0.0.2,services.addons.mozilla.org,1
1762719747.686099,10.0.0.2,services.addons.mozilla.org,1
1762719747.686199,10.0.0.2,www.youtube.com,1
1762719747.686199,10.0.0.2,www.wikipedia.org,65
1762719747.686215,10.0.0.2,www.youtube.com,1
1762719747.686233,10.0.0.2,www.wikipedia.org,65
1762719747.686316,10.0.0.2,addons.mozilla.org,1
1762719747.686327,10.0.0.2,addons.mozilla.org,1
1762719747.686430,10.0.0.2,www.youtube.com,28
1762719747.686445,10.0.0.2,www.youtube.com,28
1762719747.686569,10.0.0.2,www.wikipedia.org,1
1762719747.686569,10.0.0.2,www.reddit.com,65
1762719747.686584,10.0.0.2,www.wikipedia.org,1
1762719747.686602,10.0.0.2,www.reddit.com,65
1762719747.686679,10.0.0.2,addons.mozilla.org,28
1762719747.686692,10.0.0.2,addons.mozilla.org,28
1762719747.687667,10.0.0.2,addons.mozilla.org,65
1762719747.687667,10.0.0.2,www.wikipedia.org,28
1762719747.687667,10.0.0.2,services.addons.mozilla.org,28
1762719747.687691,10.0.0.2,addons.mozilla.org,65
1762719747.687712,10.0.0.2,www.wikipedia.org,28
1762719747.687723,10.0.0.2,services.addons.mozilla.org,28
1762719747.894075,10.0.0.2,incoming.telemetry.mozilla.org,28
1762719747.894134,10.0.0.2,incoming.telemetry.mozilla.org,28
1762719747.894377,10.0.0.2,incoming.telemetry.mozilla.org,1
1762719747.894467,10.0.0.2,incoming.telemetry.mozilla.org,1
1762719747.894641,10.0.0.1,incoming.telemetry.mozilla.org,28
1762719747.894665,10.0.0.1,incoming.telemetry.mozilla.org,28
1762719749.134922,10.0.0.2,firefox.settings.services.mozilla.com,1
1762719749.134923,10.0.0.2,firefox.settings.services.mozilla.com,28
1762719749.134989,10.0.0.2,firefox.settings.services.mozilla.com,1
1762719749.135017,10.0.0.2,firefox.settings.services.mozilla.com,28
1762719749.135318,10.0.0.1,firefox.settings.services.mozilla.com,1
1762719749.135335,10.0.0.1,firefox.settings.services.mozilla.com,1
1762719749.317495,10.0.0.2,archive.mozilla.org,28
1762719749.317496,10.0.0.2,detectportal.firefox.com,28
1762719749.317561,10.0.0.2,archive.mozilla.org,28
1762719749.317661,10.0.0.2,detectportal.firefox.com,28
1762719749.317863,10.0.0.2,ipv4only.arpa,1
1762719749.317864,10.0.0.2,cloudflare-dns.com,65
1762719749.317864,10.0.0.2,example.org,28
1762719749.317864,10.0.0.2,example.org,1
1762719749.317864,10.0.0.2,archive.mozilla.org,1
1762719749.317892,10.0.0.2,ipv4only.arpa,1
1762719749.317914,10.0.0.2,cloudflare-dns.com,65
1762719749.317928,10.0.0.2,example.org,28
1762719749.317941,10.0.0.2,example.org,1
1762719749.317953,10.0.0.2,archive.mozilla.org,1
1762719749.318062,10.0.0.2,ipv4only.arpa,28
1762719749.318078,10.0.0.2,ipv4only.arpa,28
1762719750.358357,10.0.0.2,content-signature-2.cdn.mozilla.net,28
1762719750.358403,10.0.0.2,content-signature-2.cdn.mozilla.net,28
1762719750.358757,10.0.0.1,content-signature-2.cdn.mozilla.net,28
1762719750.358770,10.0.0.1,content-signature-2.cdn.mozilla.net,28
1762719751.359114,10.0.0.2,www.google.com,65
1762719751.359161,10.0.0.2,www.google.com,65
1762719751.359516,10.0.0.1,www.google.com,65
1762719751.359532,10.0.0.1,www.google.com,65
1762719751.767107,10.0.0.2,normandy.cdn.mozilla.net,28
1762719751.767107,10.0.0.2,ntp.ubuntu.com,28
1762719751.767107,10.0.0.2,normandy.cdn.mozilla.net,1
1762719751.767107,10.0.0.2,ntp.ubuntu.com,1
1762719751.767107,10.0.0.2,detectportal.firefox.com,1
1762719751.767169,10.0.0.2,normandy.cdn.mozilla.net,28
1762719751.767196,10.0.0.2,ntp.ubuntu.com,28
1762719751.767207,10.0.0.2,normandy.cdn.mozilla.net,1
1762719751.767216,10.0.0.2,ntp.ubuntu.com,1
1762719751.767233,10.0.0.2,detectportal.firefox.com,1
1762719752.361181,10.0.0.2,push.services.mozilla.com,28
1762719752.361247,10.0.0.2,push.services.mozilla.com,28
1762719752.361984,10.0.0.1,push.services.mozilla.com,28
1762719752.362008,10.0.0.1,push.services.mozilla.com,28
1762719752.694338,10.0.0.2,services.addons.mozilla.org,28
1762719752.694339,10.0.0.2,www.reddit.com,1
1762719752.694392,10.0.0.2,services.addons.mozilla.org,28
1762719752.694418,10.0.0.2,www.reddit.com,1
1762719752.694558,10.0.0.2,www.wikipedia.org,28
1762719752.694558,10.0.0.2,addons.mozilla.org,65
1762719752.694558,10.0.0.2,addons.mozilla.org,28
1762719752.694578,10.0.0.2,www.wikipedia.org,28
1762719752.694597,10.0.0.2,addons.mozilla.org,65
1762719752.694606,10.0.0.2,addons.mozilla.org,28
1762719752.694723,10.0.0.2,www.reddit.com,65
1762719752.694723,10.0.0.2,www.wikipedia.org,1
1762719752.694723,10.0.0.2,services.addons.mozilla.org,1
1762719752.694742,10.0.0.2,www.reddit.com,65
1762719752.694760,10.0.0.2,www.wikipedia.org,1
1762719752.694771,10.0.0.2,services.addons.mozilla.org,1
1762719752.694852,10.0.0.2,addons.mozilla.org,1
1762719752.694868,10.0.0.2,addons.mozilla.org,1
1762719752.695241,10.0.0.2,www.wikipedia.org,65
1762719752.695241,10.0.0.2,www.youtube.com,1
1762719752.695241,10.0.0.2,www.youtube.com,28
1762719752.695260,10.0.0.2,www.wikipedia.org,65
1762719752.695279,10.0.0.2,www.youtube.com,1
1762719752.695289,10.0.0.2,www.youtube.com,28
1762719752.695922,10.0.0.2,www.reddit.com,28
1762719752.695943,10.0.0.2,www.reddit.com,28
1762719753.110224,10.0.0.2,incoming.telemetry.mozilla.org,1
1762719753.110266,10.0.0.2,incoming.telemetry.mozilla.org,1
1762719753.110736,10.0.0.1,incoming.telemetry.mozilla.org,1
1762719753.110749,10.0.0.1,incoming.telemetry.mozilla.org,1
1762719754.148406,10.0.0.2,firefox.settings.services.mozilla.com,1
1762719754.148406,10.0.0.2,firefox.settings.services.mozilla.com,28
1762719754.148507,10.0.0.2,firefox.settings.services.mozilla.com,1
1762719754.148556,10.0.0.2,firefox.settings.services.mozilla.com,28
1762719754.149498,10.0.0.1,firefox.settings.services.mozilla.com,1
1762719754.149536,10.0.0.1,firefox.settings.services.mozilla.com,1
1762719754.361222,10.0.0.2,archive.mozilla.org,28
1762719754.361223,10.0.0.2,ipv4only.arpa,28
1762719754.361317,10.0.0.2,archive.mozilla.org,28
1762719754.361393,10.0.0.2,ipv4only.arpa,28
1762719754.361668,10.0.0.2,archive.mozilla.org,1
1762719754.361716,10.0.0.2,archive.mozilla.org,1
1762719754.362327,10.0.0.2,example.org,1
1762719754.362376,10.0.0.2,example.org,1
1762719754.362704,10.0.0.2,example.org,28
1762719754.362744,10.0.0.2,example.org,28
1762719754.363117,10.0.0.2,cloudflare-dns.com,65
1762719754.363163,10.0.0.2,cloudflare-dns.com,65
1762719754.363474,10.0.0.2,ipv4only.arpa,1
1762719754.363518,10.0.0.2,ipv4only.arpa,1
1762719754.363848,10.0.0.2,detectportal.firefox.com,28
1762719754.363894,10.0.0.2,detectportal.firefox.com,28
